model,test_set,sample_id,domain,variant,label,prediction,ai_probability,text_preview
hc3_char_tfidf_logreg,hc3_in_domain,hc3_nlpcc_dbqa_0091_chatgpt,nlpcc_dbqa,chatgpt_hc3,1,0,0.1897,日本国铁（日本国有铁道公司）的201系电力动车组于2005年开始投入使用，是日本国铁用来运营中速列车的一种电力动车组。在近几年，日本国铁已经逐步淘汰了201系电力动车组，并开始使用新型电力动车组。根据日本国铁的计划，201系电力动车组将在2022年前后完全退役。
hc3_char_tfidf_logreg,hc3_in_domain,hc3_finance_0092_chatgpt,finance,chatgpt_hc3,1,0,0.1970,崇左公积金中心可以在南宁办理打印业务。如果你在崇左市境内，建议你前往崇左公积金中心进行打印业务办理。如果你在崇左市境外，建议你联系当地的公积金管理中心或者通过公积金网上服务平台进行打印业务办理。注意：公积金中心的办理时间通常是周一至周五上午8:30至下午5:00，周六上午8:30至下午12:00，周日及法定节假日休息。
hc3_char_tfidf_logreg,hc3_in_domain,hc3_nlpcc_dbqa_0090_chatgpt,nlpcc_dbqa,chatgpt_hc3,1,0,0.2612,湖北中医药大学是由湖北中医学院演变而来的。湖北中医学院是我国较早成立的中医学院之一，始建于1957年。后来，湖北中医学院经过不断发展和壮大，于2005年更名为湖北中医药大学。现在，湖北中医药大学是一所以中医药为主，综合性大学，其中医药、基础医学、药学、中西医结合、中药资源开发等学科均具有较强的实力，在中医药领域具有很高
hc3_char_tfidf_logreg,hc3_in_domain,hc3_open_qa_0085_chatgpt,open_qa,chatgpt_hc3,1,0,0.2849,《渴望生活》是由约翰·康纳写的一本关于荷兰画家梵高的传记。在这本书中，康纳描述了梵高对生活的热爱和对艺术的渴望。梵高被描述为一个富有创造力和激情的艺术家，他渴望通过他的艺术来表达自己的想法和感受。 在《渴望生活》中，康纳还描述了梵高的生活和工作中所体现出的勤奋和毅力。梵高热爱生活，并且希望能够通过自己的艺术作品来表达这
hc3_char_tfidf_logreg,hc3_in_domain,hc3_law_0096_human,law,human_hc3,0,1,0.3516,遗嘱是对自己生前所有的财产所作处分的意思表示于自己死后发生效力的意思表示，遗嘱自由是受法律保护的，但是遗嘱必须为无生活来源且无独立生活能力的人留足相应的份额。子女对父母具有赡养义务，这是一项法定义务，不因父母的遗嘱情况而改变。
hc3_char_tfidf_logreg,deepseek_original,q28_deepseek_original,aigc_detection,deepseek_original,1,0,0.1527,AI文本检测容易出现误判，首先因为检测模型依赖统计特征，可能将人类复杂表达误判为AI生成。其次，AI文本风格日益多样化，与人类写作界限模糊。因此，检测模型需持续更新，建议结合多种特征提高准确性。
hc3_char_tfidf_logreg,deepseek_original,q29_deepseek_original,research_training,deepseek_original,1,0,0.1641,在读论文时，建议优先阅读摘要和引言部分，以快速了解研究背景、问题和主要贡献。其次，浏览结论和图表，掌握核心发现。最后，根据需求深入方法或实验部分。这样能高效把握论文重点。
hc3_char_tfidf_logreg,deepseek_original,q32_deepseek_original,ai_security,deepseek_original,1,0,0.2182,大模型输出需要安全边界，首先是因为模型可能生成有害内容，如暴力、歧视或虚假信息，对社会造成负面影响。其次，安全边界能防止模型被恶意利用，比如生成钓鱼邮件或诈骗文本。因此，设定安全边界是负责任AI发展的必要措施，建议在模型训练和部署时加入安全过滤机制。
hc3_char_tfidf_logreg,deepseek_original,q25_deepseek_original,software_project,deepseek_original,1,0,0.2302,区分业务逻辑和数据访问是为了实现关注点分离，提高代码的可维护性、可测试性和可扩展性。业务逻辑处理具体的规则和流程，数据访问负责与数据库交互。这样修改业务逻辑时无需改动数据层，反之亦然。建议采用分层架构，如三层架构或领域驱动设计。
hc3_char_tfidf_logreg,deepseek_original,q30_deepseek_original,network_engineering,deepseek_original,1,0,0.2395,TCP和UDP是两种传输层协议。首先，TCP面向连接，提供可靠传输，适合网页浏览等场景；而UDP无连接，速度快但不可靠，适合视频直播。其次，TCP有流量控制和拥塞控制，UDP则没有。因此，选择哪种协议取决于应用对可靠性和实时性的需求。建议根据实际场景选用。
hc3_char_tfidf_logreg,deepseek_original,q36_deepseek_original,aigc_detection,deepseek_original,1,0,0.2492,要改进AI文本检测，首先可以从数据层面入手，构建更丰富、更贴近真实场景的训练数据集，覆盖多种生成模型和改写策略。其次，可以探索更细粒度的特征提取方法，比如分析词汇分布、句法结构、语义连贯性等。此外，引入对抗训练和集成学习也能提升检测器的鲁棒性。因此，建议结合多模态特征和动态更新机制来增强检测效果。
hc3_char_tfidf_logreg,deepseek_original,q32_human_reference,ai_security,human_reference,0,1,0.3150,大模型可能被诱导回答危险问题，也可能在不确定时给出很肯定的建议。设置安全边界，是为了让它在医疗、隐私、违法操作等场景里不要越界输出。
hc3_char_tfidf_logreg,deepseek_casual_rewrite,q35_deepseek_casual_rewrite,large_model,deepseek_casual_rewrite,1,0,0.0458,同一个问题问大模型好几次，答案不一样其实挺正常的。因为它每次生成回复的时候都有点随机性，就像人说话有时也会换个说法。而且模型学了很多种表达方式，稍微调一下参数就可能给出不同结果。所以别太奇怪，多问几次说不定能得到更全面的看法。
hc3_char_tfidf_logreg,deepseek_casual_rewrite,q34_deepseek_casual_rewrite,algorithm,deepseek_casual_rewrite,1,0,0.0518,训练集效果好不能说明模型真的厉害，主要是怕过拟合。比如模型把训练数据里的噪声都记住了，但遇到新数据就蒙圈。另外，训练集和实际数据分布可能不一样，像考试题目换了就答不上来。所以最好用验证集或者交叉验证看看模型到底行不行。
hc3_char_tfidf_logreg,deepseek_casual_rewrite,q29_deepseek_casual_rewrite,research_training,deepseek_casual_rewrite,1,0,0.0554,读论文的话，我觉得先看摘要和引言挺重要的，能大概知道这篇在讲啥。然后翻翻结论和图表，心里有个数。后面再根据自己需要，仔细看看方法或者实验部分，这样比较省时间。
hc3_char_tfidf_logreg,deepseek_casual_rewrite,q25_deepseek_casual_rewrite,software_project,deepseek_casual_rewrite,1,0,0.0566,把业务逻辑和数据访问分开，主要是为了让代码更好维护。比如你改业务规则时不用动数据库操作，反过来也一样。而且测试起来也方便，可以单独测试业务代码，不用真的连数据库。我们项目一般用分层结构，各管各的。
hc3_char_tfidf_logreg,deepseek_casual_rewrite,q28_deepseek_casual_rewrite,aigc_detection,deepseek_casual_rewrite,1,0,0.0612,AI文本检测老是误判，主要是检测模型太依赖那些统计特征了，有时候人类写得复杂点就被当成AI写的。再加上现在AI生成的内容风格越来越多样，跟人类写的差别越来越小，所以容易搞混。
hc3_char_tfidf_logreg,deepseek_casual_rewrite,q33_deepseek_casual_rewrite,health_consulting,deepseek_casual_rewrite,1,0,0.0804,看网上健康建议靠不靠谱，先得看是谁发的，是不是卫生局或者大医院那种权威机构。然后看看有没有科学依据，比如提到研究或者医生的话。最好多查几个地方，别只信一个。
hc3_char_tfidf_logreg,deepseek_casual_rewrite,q36_deepseek_casual_rewrite,aigc_detection,deepseek_casual_rewrite,1,0,0.1328,改进AI文本检测的话，我觉得可以从数据方面想办法，比如收集更多不同AI生成和人工写的文本，特别是那些经过改写的，这样检测器能学到更多特征。另外，分析文本里的小细节也很重要，比如用词习惯、句子长短这些。还可以试试让检测器自己跟自己对抗训练，或者用多个模型一起判断，这样应该会更准一些。
hc3_char_tfidf_logreg,deepseek_casual_rewrite,q32_deepseek_casual_rewrite,ai_security,deepseek_casual_rewrite,1,0,0.1359,大模型输出得有个安全边界，不然它可能会生成一些不好的内容，比如暴力、歧视或者假消息，这些对社会影响挺坏的。再一个，安全边界也能防止别人拿它干坏事，比如写诈骗邮件什么的。所以，为了保证AI用起来安全，加个安全边界挺重要的。
hc3_char_tfidf_logreg,deepseek_casual_rewrite,q30_deepseek_casual_rewrite,network_engineering,deepseek_casual_rewrite,1,0,0.1828,要理解TCP和UDP的区别，可以这样想：TCP就像打电话，得先建立连接，保证对方能听到，但过程慢一些；UDP就像发微信消息，发出去就不管了，可能对方收不到，但速度快。所以像看视频、打游戏这种能容忍丢包的场景用UDP，而网页浏览、文件传输这些需要准确的就用TCP。
hc3_char_tfidf_logreg,deepseek_casual_rewrite,q31_deepseek_casual_rewrite,programming,deepseek_casual_rewrite,1,0,0.1830,写代码的时候一定要处理异常，因为程序跑起来会遇到很多意想不到的问题，比如用户乱输入、文件找不到或者网络突然断了。如果不处理，程序可能直接就崩了，用户体验很不好。而且处理异常还能帮你记下错误日志，方便以后找bug。所以最好用try-catch把可能出错的代码包起来，这样程序更稳定。
hc3_char_tfidf_logreg,deepseek_casual_rewrite,q27_deepseek_casual_rewrite,data_privacy,deepseek_casual_rewrite,1,0,0.2246,直接把没公开的代码发给在线AI分析挺危险的。你代码里可能有API密钥或者数据库密码这些隐私信息，万一平台拿去训练模型，你的知识产权就泄露了。最好还是本地处理或者把敏感信息去掉再发。
hc3_char_tfidf_logreg,deepseek_casual_rewrite,q32_human_reference,ai_security,human_reference,0,1,0.3150,大模型可能被诱导回答危险问题，也可能在不确定时给出很肯定的建议。设置安全边界，是为了让它在医疗、隐私、违法操作等场景里不要越界输出。
hc3_char_tfidf_logreg,deepseek_adversarial_rewrite,q29_deepseek_adversarial_rewrite,research_training,deepseek_adversarial_rewrite,1,0,0.0190,说实话，我读论文一般先扫一眼摘要，再看引言，基本就明白这文章想干啥了。然后直接跳到结论和图表，看看结果咋样。剩下的方法那些，需要再细看，不然一上来抠细节容易懵。
hc3_char_tfidf_logreg,deepseek_adversarial_rewrite,q25_deepseek_adversarial_rewrite,software_project,deepseek_adversarial_rewrite,1,0,0.0302,分开搞业务逻辑和数据访问，说白了就是不想改个需求还要翻数据库代码。之前我有个项目没分，改个打折规则结果把查询语句也改了，差点崩了。现在分开了，业务层只管算钱，数据层只管存，各干各的，省心多了。
hc3_char_tfidf_logreg,deepseek_adversarial_rewrite,q27_deepseek_adversarial_rewrite,data_privacy,deepseek_adversarial_rewrite,1,0,0.0608,把没公开的代码直接丢给在线AI分析？你想想，代码里可能藏着API密钥、数据库密码之类的隐私，那些平台搞不好就拿去训练模型了，你的心血不就白费了。所以还是先脱敏或者自己本地跑一跑比较靠谱。
hc3_char_tfidf_logreg,deepseek_adversarial_rewrite,q34_deepseek_adversarial_rewrite,algorithm,deepseek_adversarial_rewrite,1,0,0.0815,训练集成绩好不代表模型真靠谱，可能只是死记硬背。比如训练数据里有脏数据，模型记住了这些规律，换批数据就抓瞎。而且现实里的数据跟训练集可能差别很大，就像刷题刷多了但题目一变就不会。所以得拿没用过的数据测测，或者用交叉验证，不然容易翻车。
hc3_char_tfidf_logreg,deepseek_adversarial_rewrite,q33_deepseek_adversarial_rewrite,health_consulting,deepseek_adversarial_rewrite,1,0,0.0832,网上那些健康建议啊，你先看看谁写的，像卫健委或者三甲医院这种靠谱。内容有没有提到研究或者医生说的？别信一个地方，多搜几个比比看，心里就有数了。
hc3_char_tfidf_logreg,deepseek_adversarial_rewrite,q35_deepseek_adversarial_rewrite,large_model,deepseek_adversarial_rewrite,1,0,0.0853,这事儿我琢磨过，大模型每次回答都像抽签似的，带点随机性。比如你问同一个问题，它这次可能说这个，下次又变成那个，因为它在各种可能性里挑一个。再加上什么温度参数调一调，结果更不一样了。所以啊，别指望它每次一模一样，多问几遍反而能摸清全貌。
hc3_char_tfidf_logreg,deepseek_adversarial_rewrite,q26_deepseek_adversarial_rewrite,large_model,deepseek_adversarial_rewrite,1,0,0.0860,大模型在医疗问答里要是胡说八道，那可就麻烦了，比如乱讲病情或者推荐不该吃的药，真的会害人。它可能把没影的症状说得跟真的一样，医生一听就信了，结果误诊。或者药给错了，吃了出大事。所以呀，机器的话不能全信，得找大夫问问才行。
hc3_char_tfidf_logreg,deepseek_adversarial_rewrite,q31_deepseek_adversarial_rewrite,programming,deepseek_adversarial_rewrite,1,0,0.0982,你写代码的时候不处理异常，那程序一跑就可能炸，比如用户输个字母到数字框里，或者读文件时文件没了，又或者网断了。不处理的话，程序直接崩溃，用户肯定骂娘。而且你调试的时候连个错误记录都没有，找bug得累死。所以还是老老实实加try-catch吧，把可能出问题的地方兜住，这样程序稳一点，你也省心。
hc3_char_tfidf_logreg,deepseek_adversarial_rewrite,q28_deepseek_adversarial_rewrite,aigc_detection,deepseek_adversarial_rewrite,1,0,0.0994,检测器老搞错，因为它死抠那些数字特征，人写的东西稍微绕点弯子它就当是AI写的。而且现在AI写东西越来越像人，风格乱得很，它哪分得清啊，肯定误判多。
hc3_char_tfidf_logreg,deepseek_adversarial_rewrite,q32_deepseek_adversarial_rewrite,ai_security,deepseek_adversarial_rewrite,1,0,0.1096,大模型输出要是没个安全线，那可就麻烦了。你想啊，它可能随口就说出暴力啊、歧视啊、假新闻啥的，这不害人嘛。而且坏人还能利用它编诈骗信息。所以啊，得给它划个圈，让它别乱跑，这样用起来才放心。
hc3_char_tfidf_logreg,deepseek_adversarial_rewrite,q36_deepseek_adversarial_rewrite,aigc_detection,deepseek_adversarial_rewrite,1,0,0.1314,要提升AI文本检测，我觉得得先搞到更真实的数据集，不光要原始AI写的，还得有各种改写版本，这样检测器才不会那么容易被骗。然后呢，除了看词频和句子结构，可能还得关注一些更隐蔽的规律，比如重复模式或者逻辑跳跃。另外，让检测器在训练时故意对抗一下，或者搞个投票机制，应该能有效对付那些花里胡哨的改写手段。
hc3_char_tfidf_logreg,deepseek_adversarial_rewrite,q30_deepseek_adversarial_rewrite,network_engineering,deepseek_adversarial_rewrite,1,0,0.1585,TCP和UDP的区别？说白了，TCP就是那种要先握手、确保信息不漏的协议，像寄挂号信；UDP呢，就像扔纸飞机，扔出去就不管了，可能丢也可能乱序。所以啊，你刷网页、下文件肯定用TCP，但打游戏看直播，丢几个包无所谓，UDP更合适，因为延迟低。就这么简单。
hc3_char_tfidf_logreg,deepseek_adversarial_rewrite,q32_human_reference,ai_security,human_reference,0,1,0.3150,大模型可能被诱导回答危险问题，也可能在不确定时给出很肯定的建议。设置安全边界，是为了让它在医疗、隐私、违法操作等场景里不要越界输出。
hc3_mixed_tfidf_logreg,hc3_in_domain,hc3_nlpcc_dbqa_0091_chatgpt,nlpcc_dbqa,chatgpt_hc3,1,0,0.2200,日本国铁（日本国有铁道公司）的201系电力动车组于2005年开始投入使用，是日本国铁用来运营中速列车的一种电力动车组。在近几年，日本国铁已经逐步淘汰了201系电力动车组，并开始使用新型电力动车组。根据日本国铁的计划，201系电力动车组将在2022年前后完全退役。
hc3_mixed_tfidf_logreg,hc3_in_domain,hc3_open_qa_0085_chatgpt,open_qa,chatgpt_hc3,1,0,0.2453,《渴望生活》是由约翰·康纳写的一本关于荷兰画家梵高的传记。在这本书中，康纳描述了梵高对生活的热爱和对艺术的渴望。梵高被描述为一个富有创造力和激情的艺术家，他渴望通过他的艺术来表达自己的想法和感受。 在《渴望生活》中，康纳还描述了梵高的生活和工作中所体现出的勤奋和毅力。梵高热爱生活，并且希望能够通过自己的艺术作品来表达这
hc3_mixed_tfidf_logreg,hc3_in_domain,hc3_nlpcc_dbqa_0090_chatgpt,nlpcc_dbqa,chatgpt_hc3,1,0,0.2644,湖北中医药大学是由湖北中医学院演变而来的。湖北中医学院是我国较早成立的中医学院之一，始建于1957年。后来，湖北中医学院经过不断发展和壮大，于2005年更名为湖北中医药大学。现在，湖北中医药大学是一所以中医药为主，综合性大学，其中医药、基础医学、药学、中西医结合、中药资源开发等学科均具有较强的实力，在中医药领域具有很高
hc3_mixed_tfidf_logreg,hc3_in_domain,hc3_finance_0092_chatgpt,finance,chatgpt_hc3,1,0,0.3523,崇左公积金中心可以在南宁办理打印业务。如果你在崇左市境内，建议你前往崇左公积金中心进行打印业务办理。如果你在崇左市境外，建议你联系当地的公积金管理中心或者通过公积金网上服务平台进行打印业务办理。注意：公积金中心的办理时间通常是周一至周五上午8:30至下午5:00，周六上午8:30至下午12:00，周日及法定节假日休息。
hc3_mixed_tfidf_logreg,hc3_in_domain,hc3_nlpcc_dbqa_0096_chatgpt,nlpcc_dbqa,chatgpt_hc3,1,0,0.3788,制作清爽版水煮牛肉通常需要腌制一段时间。腌制的时间取决于您使用的腌制方法和所选用的肉质。如果使用盐水或酱油腌制，建议腌制时间为2-3小时。如果使用辣椒酱或其他调味料腌制，则可以腌制4-6小时或更长时间。腌制的时间越长，肉质就会越松软，味道也会更加浓郁。但是，也不要腌制的太久，因为肉质会变得过于软化，味道也会变得过于浓烈
hc3_mixed_tfidf_logreg,hc3_in_domain,hc3_nlpcc_dbqa_0093_human,nlpcc_dbqa,human_hc3,0,1,0.4070,豫章中学位于江西省南昌市东湖区豫章路，是一所历史悠久的中等学校。
hc3_mixed_tfidf_logreg,deepseek_original,q28_deepseek_original,aigc_detection,deepseek_original,1,0,0.1950,AI文本检测容易出现误判，首先因为检测模型依赖统计特征，可能将人类复杂表达误判为AI生成。其次，AI文本风格日益多样化，与人类写作界限模糊。因此，检测模型需持续更新，建议结合多种特征提高准确性。
hc3_mixed_tfidf_logreg,deepseek_original,q29_deepseek_original,research_training,deepseek_original,1,0,0.2070,在读论文时，建议优先阅读摘要和引言部分，以快速了解研究背景、问题和主要贡献。其次，浏览结论和图表，掌握核心发现。最后，根据需求深入方法或实验部分。这样能高效把握论文重点。
hc3_mixed_tfidf_logreg,deepseek_original,q25_deepseek_original,software_project,deepseek_original,1,0,0.2197,区分业务逻辑和数据访问是为了实现关注点分离，提高代码的可维护性、可测试性和可扩展性。业务逻辑处理具体的规则和流程，数据访问负责与数据库交互。这样修改业务逻辑时无需改动数据层，反之亦然。建议采用分层架构，如三层架构或领域驱动设计。
hc3_mixed_tfidf_logreg,deepseek_original,q36_deepseek_original,aigc_detection,deepseek_original,1,0,0.2358,要改进AI文本检测，首先可以从数据层面入手，构建更丰富、更贴近真实场景的训练数据集，覆盖多种生成模型和改写策略。其次，可以探索更细粒度的特征提取方法，比如分析词汇分布、句法结构、语义连贯性等。此外，引入对抗训练和集成学习也能提升检测器的鲁棒性。因此，建议结合多模态特征和动态更新机制来增强检测效果。
hc3_mixed_tfidf_logreg,deepseek_original,q30_deepseek_original,network_engineering,deepseek_original,1,0,0.2735,TCP和UDP是两种传输层协议。首先，TCP面向连接，提供可靠传输，适合网页浏览等场景；而UDP无连接，速度快但不可靠，适合视频直播。其次，TCP有流量控制和拥塞控制，UDP则没有。因此，选择哪种协议取决于应用对可靠性和实时性的需求。建议根据实际场景选用。
hc3_mixed_tfidf_logreg,deepseek_original,q32_deepseek_original,ai_security,deepseek_original,1,0,0.3008,大模型输出需要安全边界，首先是因为模型可能生成有害内容，如暴力、歧视或虚假信息，对社会造成负面影响。其次，安全边界能防止模型被恶意利用，比如生成钓鱼邮件或诈骗文本。因此，设定安全边界是负责任AI发展的必要措施，建议在模型训练和部署时加入安全过滤机制。
hc3_mixed_tfidf_logreg,deepseek_original,q32_human_reference,ai_security,human_reference,0,1,0.4022,大模型可能被诱导回答危险问题，也可能在不确定时给出很肯定的建议。设置安全边界，是为了让它在医疗、隐私、违法操作等场景里不要越界输出。
hc3_mixed_tfidf_logreg,deepseek_casual_rewrite,q25_deepseek_casual_rewrite,software_project,deepseek_casual_rewrite,1,0,0.0738,把业务逻辑和数据访问分开，主要是为了让代码更好维护。比如你改业务规则时不用动数据库操作，反过来也一样。而且测试起来也方便，可以单独测试业务代码，不用真的连数据库。我们项目一般用分层结构，各管各的。
hc3_mixed_tfidf_logreg,deepseek_casual_rewrite,q35_deepseek_casual_rewrite,large_model,deepseek_casual_rewrite,1,0,0.0955,同一个问题问大模型好几次，答案不一样其实挺正常的。因为它每次生成回复的时候都有点随机性，就像人说话有时也会换个说法。而且模型学了很多种表达方式，稍微调一下参数就可能给出不同结果。所以别太奇怪，多问几次说不定能得到更全面的看法。
hc3_mixed_tfidf_logreg,deepseek_casual_rewrite,q34_deepseek_casual_rewrite,algorithm,deepseek_casual_rewrite,1,0,0.1064,训练集效果好不能说明模型真的厉害，主要是怕过拟合。比如模型把训练数据里的噪声都记住了，但遇到新数据就蒙圈。另外，训练集和实际数据分布可能不一样，像考试题目换了就答不上来。所以最好用验证集或者交叉验证看看模型到底行不行。
hc3_mixed_tfidf_logreg,deepseek_casual_rewrite,q28_deepseek_casual_rewrite,aigc_detection,deepseek_casual_rewrite,1,0,0.1127,AI文本检测老是误判，主要是检测模型太依赖那些统计特征了，有时候人类写得复杂点就被当成AI写的。再加上现在AI生成的内容风格越来越多样，跟人类写的差别越来越小，所以容易搞混。
hc3_mixed_tfidf_logreg,deepseek_casual_rewrite,q29_deepseek_casual_rewrite,research_training,deepseek_casual_rewrite,1,0,0.1216,读论文的话，我觉得先看摘要和引言挺重要的，能大概知道这篇在讲啥。然后翻翻结论和图表，心里有个数。后面再根据自己需要，仔细看看方法或者实验部分，这样比较省时间。
hc3_mixed_tfidf_logreg,deepseek_casual_rewrite,q33_deepseek_casual_rewrite,health_consulting,deepseek_casual_rewrite,1,0,0.1355,看网上健康建议靠不靠谱，先得看是谁发的，是不是卫生局或者大医院那种权威机构。然后看看有没有科学依据，比如提到研究或者医生的话。最好多查几个地方，别只信一个。
hc3_mixed_tfidf_logreg,deepseek_casual_rewrite,q31_deepseek_casual_rewrite,programming,deepseek_casual_rewrite,1,0,0.1486,写代码的时候一定要处理异常，因为程序跑起来会遇到很多意想不到的问题，比如用户乱输入、文件找不到或者网络突然断了。如果不处理，程序可能直接就崩了，用户体验很不好。而且处理异常还能帮你记下错误日志，方便以后找bug。所以最好用try-catch把可能出错的代码包起来，这样程序更稳定。
hc3_mixed_tfidf_logreg,deepseek_casual_rewrite,q36_deepseek_casual_rewrite,aigc_detection,deepseek_casual_rewrite,1,0,0.1678,改进AI文本检测的话，我觉得可以从数据方面想办法，比如收集更多不同AI生成和人工写的文本，特别是那些经过改写的，这样检测器能学到更多特征。另外，分析文本里的小细节也很重要，比如用词习惯、句子长短这些。还可以试试让检测器自己跟自己对抗训练，或者用多个模型一起判断，这样应该会更准一些。
hc3_mixed_tfidf_logreg,deepseek_casual_rewrite,q30_deepseek_casual_rewrite,network_engineering,deepseek_casual_rewrite,1,0,0.2394,要理解TCP和UDP的区别，可以这样想：TCP就像打电话，得先建立连接，保证对方能听到，但过程慢一些；UDP就像发微信消息，发出去就不管了，可能对方收不到，但速度快。所以像看视频、打游戏这种能容忍丢包的场景用UDP，而网页浏览、文件传输这些需要准确的就用TCP。
hc3_mixed_tfidf_logreg,deepseek_casual_rewrite,q32_deepseek_casual_rewrite,ai_security,deepseek_casual_rewrite,1,0,0.2695,大模型输出得有个安全边界，不然它可能会生成一些不好的内容，比如暴力、歧视或者假消息，这些对社会影响挺坏的。再一个，安全边界也能防止别人拿它干坏事，比如写诈骗邮件什么的。所以，为了保证AI用起来安全，加个安全边界挺重要的。
hc3_mixed_tfidf_logreg,deepseek_casual_rewrite,q32_human_reference,ai_security,human_reference,0,1,0.4022,大模型可能被诱导回答危险问题，也可能在不确定时给出很肯定的建议。设置安全边界，是为了让它在医疗、隐私、违法操作等场景里不要越界输出。
hc3_mixed_tfidf_logreg,deepseek_adversarial_rewrite,q25_deepseek_adversarial_rewrite,software_project,deepseek_adversarial_rewrite,1,0,0.0804,分开搞业务逻辑和数据访问，说白了就是不想改个需求还要翻数据库代码。之前我有个项目没分，改个打折规则结果把查询语句也改了，差点崩了。现在分开了，业务层只管算钱，数据层只管存，各干各的，省心多了。
hc3_mixed_tfidf_logreg,deepseek_adversarial_rewrite,q29_deepseek_adversarial_rewrite,research_training,deepseek_adversarial_rewrite,1,0,0.0880,说实话，我读论文一般先扫一眼摘要，再看引言，基本就明白这文章想干啥了。然后直接跳到结论和图表，看看结果咋样。剩下的方法那些，需要再细看，不然一上来抠细节容易懵。
hc3_mixed_tfidf_logreg,deepseek_adversarial_rewrite,q26_deepseek_adversarial_rewrite,large_model,deepseek_adversarial_rewrite,1,0,0.1073,大模型在医疗问答里要是胡说八道，那可就麻烦了，比如乱讲病情或者推荐不该吃的药，真的会害人。它可能把没影的症状说得跟真的一样，医生一听就信了，结果误诊。或者药给错了，吃了出大事。所以呀，机器的话不能全信，得找大夫问问才行。
hc3_mixed_tfidf_logreg,deepseek_adversarial_rewrite,q35_deepseek_adversarial_rewrite,large_model,deepseek_adversarial_rewrite,1,0,0.1182,这事儿我琢磨过，大模型每次回答都像抽签似的，带点随机性。比如你问同一个问题，它这次可能说这个，下次又变成那个，因为它在各种可能性里挑一个。再加上什么温度参数调一调，结果更不一样了。所以啊，别指望它每次一模一样，多问几遍反而能摸清全貌。
hc3_mixed_tfidf_logreg,deepseek_adversarial_rewrite,q28_deepseek_adversarial_rewrite,aigc_detection,deepseek_adversarial_rewrite,1,0,0.1327,检测器老搞错，因为它死抠那些数字特征，人写的东西稍微绕点弯子它就当是AI写的。而且现在AI写东西越来越像人，风格乱得很，它哪分得清啊，肯定误判多。
hc3_mixed_tfidf_logreg,deepseek_adversarial_rewrite,q31_deepseek_adversarial_rewrite,programming,deepseek_adversarial_rewrite,1,0,0.1327,你写代码的时候不处理异常，那程序一跑就可能炸，比如用户输个字母到数字框里，或者读文件时文件没了，又或者网断了。不处理的话，程序直接崩溃，用户肯定骂娘。而且你调试的时候连个错误记录都没有，找bug得累死。所以还是老老实实加try-catch吧，把可能出问题的地方兜住，这样程序稳一点，你也省心。
hc3_mixed_tfidf_logreg,deepseek_adversarial_rewrite,q27_deepseek_adversarial_rewrite,data_privacy,deepseek_adversarial_rewrite,1,0,0.1408,把没公开的代码直接丢给在线AI分析？你想想，代码里可能藏着API密钥、数据库密码之类的隐私，那些平台搞不好就拿去训练模型了，你的心血不就白费了。所以还是先脱敏或者自己本地跑一跑比较靠谱。
hc3_mixed_tfidf_logreg,deepseek_adversarial_rewrite,q33_deepseek_adversarial_rewrite,health_consulting,deepseek_adversarial_rewrite,1,0,0.1464,网上那些健康建议啊，你先看看谁写的，像卫健委或者三甲医院这种靠谱。内容有没有提到研究或者医生说的？别信一个地方，多搜几个比比看，心里就有数了。
hc3_mixed_tfidf_logreg,deepseek_adversarial_rewrite,q34_deepseek_adversarial_rewrite,algorithm,deepseek_adversarial_rewrite,1,0,0.1601,训练集成绩好不代表模型真靠谱，可能只是死记硬背。比如训练数据里有脏数据，模型记住了这些规律，换批数据就抓瞎。而且现实里的数据跟训练集可能差别很大，就像刷题刷多了但题目一变就不会。所以得拿没用过的数据测测，或者用交叉验证，不然容易翻车。
hc3_mixed_tfidf_logreg,deepseek_adversarial_rewrite,q32_deepseek_adversarial_rewrite,ai_security,deepseek_adversarial_rewrite,1,0,0.1694,大模型输出要是没个安全线，那可就麻烦了。你想啊，它可能随口就说出暴力啊、歧视啊、假新闻啥的，这不害人嘛。而且坏人还能利用它编诈骗信息。所以啊，得给它划个圈，让它别乱跑，这样用起来才放心。
hc3_mixed_tfidf_logreg,deepseek_adversarial_rewrite,q36_deepseek_adversarial_rewrite,aigc_detection,deepseek_adversarial_rewrite,1,0,0.1840,要提升AI文本检测，我觉得得先搞到更真实的数据集，不光要原始AI写的，还得有各种改写版本，这样检测器才不会那么容易被骗。然后呢，除了看词频和句子结构，可能还得关注一些更隐蔽的规律，比如重复模式或者逻辑跳跃。另外，让检测器在训练时故意对抗一下，或者搞个投票机制，应该能有效对付那些花里胡哨的改写手段。
hc3_mixed_tfidf_logreg,deepseek_adversarial_rewrite,q30_deepseek_adversarial_rewrite,network_engineering,deepseek_adversarial_rewrite,1,0,0.2436,TCP和UDP的区别？说白了，TCP就是那种要先握手、确保信息不漏的协议，像寄挂号信；UDP呢，就像扔纸飞机，扔出去就不管了，可能丢也可能乱序。所以啊，你刷网页、下文件肯定用TCP，但打游戏看直播，丢几个包无所谓，UDP更合适，因为延迟低。就这么简单。
hc3_mixed_tfidf_logreg,deepseek_adversarial_rewrite,q32_human_reference,ai_security,human_reference,0,1,0.4022,大模型可能被诱导回答危险问题，也可能在不确定时给出很肯定的建议。设置安全边界，是为了让它在医疗、隐私、违法操作等场景里不要越界输出。
hc3_char_tfidf_svm,hc3_in_domain,hc3_finance_0092_chatgpt,finance,chatgpt_hc3,1,0,0.2925,崇左公积金中心可以在南宁办理打印业务。如果你在崇左市境内，建议你前往崇左公积金中心进行打印业务办理。如果你在崇左市境外，建议你联系当地的公积金管理中心或者通过公积金网上服务平台进行打印业务办理。注意：公积金中心的办理时间通常是周一至周五上午8:30至下午5:00，周六上午8:30至下午12:00，周日及法定节假日休息。
hc3_char_tfidf_svm,hc3_in_domain,hc3_nlpcc_dbqa_0091_chatgpt,nlpcc_dbqa,chatgpt_hc3,1,0,0.3288,日本国铁（日本国有铁道公司）的201系电力动车组于2005年开始投入使用，是日本国铁用来运营中速列车的一种电力动车组。在近几年，日本国铁已经逐步淘汰了201系电力动车组，并开始使用新型电力动车组。根据日本国铁的计划，201系电力动车组将在2022年前后完全退役。
hc3_char_tfidf_svm,hc3_in_domain,hc3_open_qa_0085_chatgpt,open_qa,chatgpt_hc3,1,0,0.3765,《渴望生活》是由约翰·康纳写的一本关于荷兰画家梵高的传记。在这本书中，康纳描述了梵高对生活的热爱和对艺术的渴望。梵高被描述为一个富有创造力和激情的艺术家，他渴望通过他的艺术来表达自己的想法和感受。 在《渴望生活》中，康纳还描述了梵高的生活和工作中所体现出的勤奋和毅力。梵高热爱生活，并且希望能够通过自己的艺术作品来表达这
hc3_char_tfidf_svm,hc3_in_domain,hc3_open_qa_0085_human,open_qa,human_hc3,0,1,0.3922,这本书几乎颠覆了我的价值观。如果要说梵高对生活的渴望，我们可以说在于他对创造的热忱。他是一个孤独的求索者，生活在自己稠密的思想与想象之中，对真实的渴望，消耗了他的生命。他想要创造出色彩斑斓的画卷，描绘他所看到的明丽和生动。像米勒老爹那样把他看到的底层人民的生活和那无限的温暖宁和的风光绘制出来，绘制得正确而动人。用火焰般
hc3_char_tfidf_svm,hc3_in_domain,hc3_psychology_0089_human,psychology,human_hc3,0,1,0.3999,他爱你，就应该尊重你的感受，避免出现让你不愉快的言行举止，接受他可能不喜欢的部分。你爱他，同样如此。关键是你们在这点上能否达到平衡和谐。
hc3_char_tfidf_svm,hc3_in_domain,hc3_finance_0095_human,finance,human_hc3,0,1,0.4009,若在招行申请贷款，我行有个人消费贷款，是我行向自然人发放的，用于购车、购车位、装修、教育学资、大宗消费购物、旅游等个人或家庭合法消费用途的贷款，一般是使用房产抵押的方式担保办理。您需要通过柜台个贷部门提供您的个人信息以及具体资金用途证明办理申请。一般以商品住房作为抵押物的，抵押率最高不超过房产评估现值的70%；以商业用
hc3_char_tfidf_svm,hc3_in_domain,hc3_law_0096_human,law,human_hc3,0,1,0.4714,遗嘱是对自己生前所有的财产所作处分的意思表示于自己死后发生效力的意思表示，遗嘱自由是受法律保护的，但是遗嘱必须为无生活来源且无独立生活能力的人留足相应的份额。子女对父母具有赡养义务，这是一项法定义务，不因父母的遗嘱情况而改变。
hc3_char_tfidf_svm,deepseek_original,q28_deepseek_original,aigc_detection,deepseek_original,1,0,0.2284,AI文本检测容易出现误判，首先因为检测模型依赖统计特征，可能将人类复杂表达误判为AI生成。其次，AI文本风格日益多样化，与人类写作界限模糊。因此，检测模型需持续更新，建议结合多种特征提高准确性。
hc3_char_tfidf_svm,deepseek_original,q29_deepseek_original,research_training,deepseek_original,1,0,0.3000,在读论文时，建议优先阅读摘要和引言部分，以快速了解研究背景、问题和主要贡献。其次，浏览结论和图表，掌握核心发现。最后，根据需求深入方法或实验部分。这样能高效把握论文重点。
hc3_char_tfidf_svm,deepseek_original,q32_deepseek_original,ai_security,deepseek_original,1,0,0.3077,大模型输出需要安全边界，首先是因为模型可能生成有害内容，如暴力、歧视或虚假信息，对社会造成负面影响。其次，安全边界能防止模型被恶意利用，比如生成钓鱼邮件或诈骗文本。因此，设定安全边界是负责任AI发展的必要措施，建议在模型训练和部署时加入安全过滤机制。
hc3_char_tfidf_svm,deepseek_original,q36_deepseek_original,aigc_detection,deepseek_original,1,0,0.3159,要改进AI文本检测，首先可以从数据层面入手，构建更丰富、更贴近真实场景的训练数据集，覆盖多种生成模型和改写策略。其次，可以探索更细粒度的特征提取方法，比如分析词汇分布、句法结构、语义连贯性等。此外，引入对抗训练和集成学习也能提升检测器的鲁棒性。因此，建议结合多模态特征和动态更新机制来增强检测效果。
hc3_char_tfidf_svm,deepseek_original,q30_deepseek_original,network_engineering,deepseek_original,1,0,0.3161,TCP和UDP是两种传输层协议。首先，TCP面向连接，提供可靠传输，适合网页浏览等场景；而UDP无连接，速度快但不可靠，适合视频直播。其次，TCP有流量控制和拥塞控制，UDP则没有。因此，选择哪种协议取决于应用对可靠性和实时性的需求。建议根据实际场景选用。
hc3_char_tfidf_svm,deepseek_original,q25_deepseek_original,software_project,deepseek_original,1,0,0.3569,区分业务逻辑和数据访问是为了实现关注点分离，提高代码的可维护性、可测试性和可扩展性。业务逻辑处理具体的规则和流程，数据访问负责与数据库交互。这样修改业务逻辑时无需改动数据层，反之亦然。建议采用分层架构，如三层架构或领域驱动设计。
hc3_char_tfidf_svm,deepseek_original,q26_deepseek_original,large_model,deepseek_original,1,0,0.3725,大模型幻觉在医疗问答中可能导致错误诊断或用药建议，严重威胁患者健康。首先，幻觉可能产生虚假症状描述，误导医生判断；其次，不准确的药物信息可能引发不良反应；因此，必须谨慎验证模型输出，并建议结合专业医疗意见。
hc3_char_tfidf_svm,deepseek_original,q32_human_reference,ai_security,human_reference,0,1,0.3918,大模型可能被诱导回答危险问题，也可能在不确定时给出很肯定的建议。设置安全边界，是为了让它在医疗、隐私、违法操作等场景里不要越界输出。
hc3_char_tfidf_svm,deepseek_casual_rewrite,q34_deepseek_casual_rewrite,algorithm,deepseek_casual_rewrite,1,0,0.1484,训练集效果好不能说明模型真的厉害，主要是怕过拟合。比如模型把训练数据里的噪声都记住了，但遇到新数据就蒙圈。另外，训练集和实际数据分布可能不一样，像考试题目换了就答不上来。所以最好用验证集或者交叉验证看看模型到底行不行。
hc3_char_tfidf_svm,deepseek_casual_rewrite,q35_deepseek_casual_rewrite,large_model,deepseek_casual_rewrite,1,0,0.1493,同一个问题问大模型好几次，答案不一样其实挺正常的。因为它每次生成回复的时候都有点随机性，就像人说话有时也会换个说法。而且模型学了很多种表达方式，稍微调一下参数就可能给出不同结果。所以别太奇怪，多问几次说不定能得到更全面的看法。
hc3_char_tfidf_svm,deepseek_casual_rewrite,q28_deepseek_casual_rewrite,aigc_detection,deepseek_casual_rewrite,1,0,0.1552,AI文本检测老是误判，主要是检测模型太依赖那些统计特征了，有时候人类写得复杂点就被当成AI写的。再加上现在AI生成的内容风格越来越多样，跟人类写的差别越来越小，所以容易搞混。
hc3_char_tfidf_svm,deepseek_casual_rewrite,q25_deepseek_casual_rewrite,software_project,deepseek_casual_rewrite,1,0,0.1590,把业务逻辑和数据访问分开，主要是为了让代码更好维护。比如你改业务规则时不用动数据库操作，反过来也一样。而且测试起来也方便，可以单独测试业务代码，不用真的连数据库。我们项目一般用分层结构，各管各的。
hc3_char_tfidf_svm,deepseek_casual_rewrite,q29_deepseek_casual_rewrite,research_training,deepseek_casual_rewrite,1,0,0.1821,读论文的话，我觉得先看摘要和引言挺重要的，能大概知道这篇在讲啥。然后翻翻结论和图表，心里有个数。后面再根据自己需要，仔细看看方法或者实验部分，这样比较省时间。
hc3_char_tfidf_svm,deepseek_casual_rewrite,q33_deepseek_casual_rewrite,health_consulting,deepseek_casual_rewrite,1,0,0.2053,看网上健康建议靠不靠谱，先得看是谁发的，是不是卫生局或者大医院那种权威机构。然后看看有没有科学依据，比如提到研究或者医生的话。最好多查几个地方，别只信一个。
hc3_char_tfidf_svm,deepseek_casual_rewrite,q36_deepseek_casual_rewrite,aigc_detection,deepseek_casual_rewrite,1,0,0.2092,改进AI文本检测的话，我觉得可以从数据方面想办法，比如收集更多不同AI生成和人工写的文本，特别是那些经过改写的，这样检测器能学到更多特征。另外，分析文本里的小细节也很重要，比如用词习惯、句子长短这些。还可以试试让检测器自己跟自己对抗训练，或者用多个模型一起判断，这样应该会更准一些。
hc3_char_tfidf_svm,deepseek_casual_rewrite,q32_deepseek_casual_rewrite,ai_security,deepseek_casual_rewrite,1,0,0.2543,大模型输出得有个安全边界，不然它可能会生成一些不好的内容，比如暴力、歧视或者假消息，这些对社会影响挺坏的。再一个，安全边界也能防止别人拿它干坏事，比如写诈骗邮件什么的。所以，为了保证AI用起来安全，加个安全边界挺重要的。
hc3_char_tfidf_svm,deepseek_casual_rewrite,q31_deepseek_casual_rewrite,programming,deepseek_casual_rewrite,1,0,0.2606,写代码的时候一定要处理异常，因为程序跑起来会遇到很多意想不到的问题，比如用户乱输入、文件找不到或者网络突然断了。如果不处理，程序可能直接就崩了，用户体验很不好。而且处理异常还能帮你记下错误日志，方便以后找bug。所以最好用try-catch把可能出错的代码包起来，这样程序更稳定。
hc3_char_tfidf_svm,deepseek_casual_rewrite,q30_deepseek_casual_rewrite,network_engineering,deepseek_casual_rewrite,1,0,0.2756,要理解TCP和UDP的区别，可以这样想：TCP就像打电话，得先建立连接，保证对方能听到，但过程慢一些；UDP就像发微信消息，发出去就不管了，可能对方收不到，但速度快。所以像看视频、打游戏这种能容忍丢包的场景用UDP，而网页浏览、文件传输这些需要准确的就用TCP。
hc3_char_tfidf_svm,deepseek_casual_rewrite,q27_deepseek_casual_rewrite,data_privacy,deepseek_casual_rewrite,1,0,0.3030,直接把没公开的代码发给在线AI分析挺危险的。你代码里可能有API密钥或者数据库密码这些隐私信息，万一平台拿去训练模型，你的知识产权就泄露了。最好还是本地处理或者把敏感信息去掉再发。
hc3_char_tfidf_svm,deepseek_casual_rewrite,q32_human_reference,ai_security,human_reference,0,1,0.3918,大模型可能被诱导回答危险问题，也可能在不确定时给出很肯定的建议。设置安全边界，是为了让它在医疗、隐私、违法操作等场景里不要越界输出。
hc3_char_tfidf_svm,deepseek_adversarial_rewrite,q29_deepseek_adversarial_rewrite,research_training,deepseek_adversarial_rewrite,1,0,0.1028,说实话，我读论文一般先扫一眼摘要，再看引言，基本就明白这文章想干啥了。然后直接跳到结论和图表，看看结果咋样。剩下的方法那些，需要再细看，不然一上来抠细节容易懵。
hc3_char_tfidf_svm,deepseek_adversarial_rewrite,q25_deepseek_adversarial_rewrite,software_project,deepseek_adversarial_rewrite,1,0,0.1209,分开搞业务逻辑和数据访问，说白了就是不想改个需求还要翻数据库代码。之前我有个项目没分，改个打折规则结果把查询语句也改了，差点崩了。现在分开了，业务层只管算钱，数据层只管存，各干各的，省心多了。
hc3_char_tfidf_svm,deepseek_adversarial_rewrite,q27_deepseek_adversarial_rewrite,data_privacy,deepseek_adversarial_rewrite,1,0,0.1705,把没公开的代码直接丢给在线AI分析？你想想，代码里可能藏着API密钥、数据库密码之类的隐私，那些平台搞不好就拿去训练模型了，你的心血不就白费了。所以还是先脱敏或者自己本地跑一跑比较靠谱。
hc3_char_tfidf_svm,deepseek_adversarial_rewrite,q34_deepseek_adversarial_rewrite,algorithm,deepseek_adversarial_rewrite,1,0,0.1843,训练集成绩好不代表模型真靠谱，可能只是死记硬背。比如训练数据里有脏数据，模型记住了这些规律，换批数据就抓瞎。而且现实里的数据跟训练集可能差别很大，就像刷题刷多了但题目一变就不会。所以得拿没用过的数据测测，或者用交叉验证，不然容易翻车。
hc3_char_tfidf_svm,deepseek_adversarial_rewrite,q33_deepseek_adversarial_rewrite,health_consulting,deepseek_adversarial_rewrite,1,0,0.1962,网上那些健康建议啊，你先看看谁写的，像卫健委或者三甲医院这种靠谱。内容有没有提到研究或者医生说的？别信一个地方，多搜几个比比看，心里就有数了。
hc3_char_tfidf_svm,deepseek_adversarial_rewrite,q31_deepseek_adversarial_rewrite,programming,deepseek_adversarial_rewrite,1,0,0.2002,你写代码的时候不处理异常，那程序一跑就可能炸，比如用户输个字母到数字框里，或者读文件时文件没了，又或者网断了。不处理的话，程序直接崩溃，用户肯定骂娘。而且你调试的时候连个错误记录都没有，找bug得累死。所以还是老老实实加try-catch吧，把可能出问题的地方兜住，这样程序稳一点，你也省心。
hc3_char_tfidf_svm,deepseek_adversarial_rewrite,q28_deepseek_adversarial_rewrite,aigc_detection,deepseek_adversarial_rewrite,1,0,0.2115,检测器老搞错，因为它死抠那些数字特征，人写的东西稍微绕点弯子它就当是AI写的。而且现在AI写东西越来越像人，风格乱得很，它哪分得清啊，肯定误判多。
hc3_char_tfidf_svm,deepseek_adversarial_rewrite,q26_deepseek_adversarial_rewrite,large_model,deepseek_adversarial_rewrite,1,0,0.2169,大模型在医疗问答里要是胡说八道，那可就麻烦了，比如乱讲病情或者推荐不该吃的药，真的会害人。它可能把没影的症状说得跟真的一样，医生一听就信了，结果误诊。或者药给错了，吃了出大事。所以呀，机器的话不能全信，得找大夫问问才行。
hc3_char_tfidf_svm,deepseek_adversarial_rewrite,q35_deepseek_adversarial_rewrite,large_model,deepseek_adversarial_rewrite,1,0,0.2209,这事儿我琢磨过，大模型每次回答都像抽签似的，带点随机性。比如你问同一个问题，它这次可能说这个，下次又变成那个，因为它在各种可能性里挑一个。再加上什么温度参数调一调，结果更不一样了。所以啊，别指望它每次一模一样，多问几遍反而能摸清全貌。
hc3_char_tfidf_svm,deepseek_adversarial_rewrite,q36_deepseek_adversarial_rewrite,aigc_detection,deepseek_adversarial_rewrite,1,0,0.2301,要提升AI文本检测，我觉得得先搞到更真实的数据集，不光要原始AI写的，还得有各种改写版本，这样检测器才不会那么容易被骗。然后呢，除了看词频和句子结构，可能还得关注一些更隐蔽的规律，比如重复模式或者逻辑跳跃。另外，让检测器在训练时故意对抗一下，或者搞个投票机制，应该能有效对付那些花里胡哨的改写手段。
hc3_char_tfidf_svm,deepseek_adversarial_rewrite,q32_deepseek_adversarial_rewrite,ai_security,deepseek_adversarial_rewrite,1,0,0.2484,大模型输出要是没个安全线，那可就麻烦了。你想啊，它可能随口就说出暴力啊、歧视啊、假新闻啥的，这不害人嘛。而且坏人还能利用它编诈骗信息。所以啊，得给它划个圈，让它别乱跑，这样用起来才放心。
hc3_char_tfidf_svm,deepseek_adversarial_rewrite,q30_deepseek_adversarial_rewrite,network_engineering,deepseek_adversarial_rewrite,1,0,0.2624,TCP和UDP的区别？说白了，TCP就是那种要先握手、确保信息不漏的协议，像寄挂号信；UDP呢，就像扔纸飞机，扔出去就不管了，可能丢也可能乱序。所以啊，你刷网页、下文件肯定用TCP，但打游戏看直播，丢几个包无所谓，UDP更合适，因为延迟低。就这么简单。
hc3_char_tfidf_svm,deepseek_adversarial_rewrite,q32_human_reference,ai_security,human_reference,0,1,0.3918,大模型可能被诱导回答危险问题，也可能在不确定时给出很肯定的建议。设置安全边界，是为了让它在医疗、隐私、违法操作等场景里不要越界输出。
aug_char_tfidf_logreg,hc3_in_domain,hc3_nlpcc_dbqa_0098_chatgpt,nlpcc_dbqa,chatgpt_hc3,1,0,0.8942,《河南省工程建设项目廉洁准入暂行办法》是河南省政府制定的一项规定，负责解释和执行这一规定的应该是河南省政府有关部门。这些部门可能包括河南省住房和城乡建设厅、河南省发展改革委员会、河南省监察委员会等。这些部门负责解释和执行《河南省工程建设项目廉洁准入暂行办法》，并负责监督和管理工程建设项目的廉洁准入。如果您对这一规定有疑
aug_char_tfidf_logreg,hc3_in_domain,hc3_nlpcc_dbqa_0096_chatgpt,nlpcc_dbqa,chatgpt_hc3,1,0,0.8672,制作清爽版水煮牛肉通常需要腌制一段时间。腌制的时间取决于您使用的腌制方法和所选用的肉质。如果使用盐水或酱油腌制，建议腌制时间为2-3小时。如果使用辣椒酱或其他调味料腌制，则可以腌制4-6小时或更长时间。腌制的时间越长，肉质就会越松软，味道也会更加浓郁。但是，也不要腌制的太久，因为肉质会变得过于软化，味道也会变得过于浓烈
aug_char_tfidf_logreg,hc3_in_domain,hc3_open_qa_0087_chatgpt,open_qa,chatgpt_hc3,1,0,0.8656,在香港、台湾和澳门，人们通常使用拼音输入法来输入中文文本。拼音输入法是一种让用户可以用拼音（即拼写汉语拼音）来输入中文文本的输入法。 在香港、台湾和澳门，人们通常使用两种主要的拼音输入法： 第一种是五笔输入法，它是一种基于五笔字型笔画的输入法，使用较为广泛。 第二种是拼音输入法，它是一种基于拼音的输入法，也很常用。 在
aug_char_tfidf_logreg,hc3_in_domain,hc3_open_qa_0085_chatgpt,open_qa,chatgpt_hc3,1,0,0.8445,《渴望生活》是由约翰·康纳写的一本关于荷兰画家梵高的传记。在这本书中，康纳描述了梵高对生活的热爱和对艺术的渴望。梵高被描述为一个富有创造力和激情的艺术家，他渴望通过他的艺术来表达自己的想法和感受。 在《渴望生活》中，康纳还描述了梵高的生活和工作中所体现出的勤奋和毅力。梵高热爱生活，并且希望能够通过自己的艺术作品来表达这
aug_char_tfidf_logreg,hc3_in_domain,hc3_nlpcc_dbqa_0090_chatgpt,nlpcc_dbqa,chatgpt_hc3,1,0,0.8327,湖北中医药大学是由湖北中医学院演变而来的。湖北中医学院是我国较早成立的中医学院之一，始建于1957年。后来，湖北中医学院经过不断发展和壮大，于2005年更名为湖北中医药大学。现在，湖北中医药大学是一所以中医药为主，综合性大学，其中医药、基础医学、药学、中西医结合、中药资源开发等学科均具有较强的实力，在中医药领域具有很高
aug_char_tfidf_logreg,hc3_in_domain,hc3_finance_0089_chatgpt,finance,chatgpt_hc3,1,0,0.8159,是的，在某些情况下，农村自建房可以用公积金贷款。公积金贷款是指使用个人公积金存款作为抵押，从公积金中心或者银行获得贷款用于自建房屋的贷款方式。如果您符合公积金贷款的资格条件，可以申请公积金贷款，但需要注意的是，公积金贷款的利率通常略高于普通的住房贷款。具体的资格条件和申请方法可以咨询当地的公积金中心或者银行。
aug_char_tfidf_logreg,hc3_in_domain,hc3_nlpcc_dbqa_0091_chatgpt,nlpcc_dbqa,chatgpt_hc3,1,0,0.7689,日本国铁（日本国有铁道公司）的201系电力动车组于2005年开始投入使用，是日本国铁用来运营中速列车的一种电力动车组。在近几年，日本国铁已经逐步淘汰了201系电力动车组，并开始使用新型电力动车组。根据日本国铁的计划，201系电力动车组将在2022年前后完全退役。
aug_char_tfidf_logreg,hc3_in_domain,hc3_finance_0092_chatgpt,finance,chatgpt_hc3,1,0,0.7614,崇左公积金中心可以在南宁办理打印业务。如果你在崇左市境内，建议你前往崇左公积金中心进行打印业务办理。如果你在崇左市境外，建议你联系当地的公积金管理中心或者通过公积金网上服务平台进行打印业务办理。注意：公积金中心的办理时间通常是周一至周五上午8:30至下午5:00，周六上午8:30至下午12:00，周日及法定节假日休息。
aug_char_tfidf_logreg,deepseek_original,q25_deepseek_original,software_project,deepseek_original,1,0,0.8707,区分业务逻辑和数据访问是为了实现关注点分离，提高代码的可维护性、可测试性和可扩展性。业务逻辑处理具体的规则和流程，数据访问负责与数据库交互。这样修改业务逻辑时无需改动数据层，反之亦然。建议采用分层架构，如三层架构或领域驱动设计。
aug_char_tfidf_logreg,deepseek_original,q32_deepseek_original,ai_security,deepseek_original,1,0,0.8678,大模型输出需要安全边界，首先是因为模型可能生成有害内容，如暴力、歧视或虚假信息，对社会造成负面影响。其次，安全边界能防止模型被恶意利用，比如生成钓鱼邮件或诈骗文本。因此，设定安全边界是负责任AI发展的必要措施，建议在模型训练和部署时加入安全过滤机制。
aug_char_tfidf_logreg,deepseek_original,q36_deepseek_original,aigc_detection,deepseek_original,1,0,0.8672,要改进AI文本检测，首先可以从数据层面入手，构建更丰富、更贴近真实场景的训练数据集，覆盖多种生成模型和改写策略。其次，可以探索更细粒度的特征提取方法，比如分析词汇分布、句法结构、语义连贯性等。此外，引入对抗训练和集成学习也能提升检测器的鲁棒性。因此，建议结合多模态特征和动态更新机制来增强检测效果。
aug_char_tfidf_logreg,deepseek_original,q30_deepseek_original,network_engineering,deepseek_original,1,0,0.8349,TCP和UDP是两种传输层协议。首先，TCP面向连接，提供可靠传输，适合网页浏览等场景；而UDP无连接，速度快但不可靠，适合视频直播。其次，TCP有流量控制和拥塞控制，UDP则没有。因此，选择哪种协议取决于应用对可靠性和实时性的需求。建议根据实际场景选用。
aug_char_tfidf_logreg,deepseek_original,q28_deepseek_original,aigc_detection,deepseek_original,1,0,0.8122,AI文本检测容易出现误判，首先因为检测模型依赖统计特征，可能将人类复杂表达误判为AI生成。其次，AI文本风格日益多样化，与人类写作界限模糊。因此，检测模型需持续更新，建议结合多种特征提高准确性。
aug_char_tfidf_logreg,deepseek_original,q29_deepseek_original,research_training,deepseek_original,1,0,0.7879,在读论文时，建议优先阅读摘要和引言部分，以快速了解研究背景、问题和主要贡献。其次，浏览结论和图表，掌握核心发现。最后，根据需求深入方法或实验部分。这样能高效把握论文重点。
aug_char_tfidf_logreg,deepseek_casual_rewrite,q30_deepseek_casual_rewrite,network_engineering,deepseek_casual_rewrite,1,0,0.8600,要理解TCP和UDP的区别，可以这样想：TCP就像打电话，得先建立连接，保证对方能听到，但过程慢一些；UDP就像发微信消息，发出去就不管了，可能对方收不到，但速度快。所以像看视频、打游戏这种能容忍丢包的场景用UDP，而网页浏览、文件传输这些需要准确的就用TCP。
aug_char_tfidf_logreg,deepseek_casual_rewrite,q31_deepseek_casual_rewrite,programming,deepseek_casual_rewrite,1,0,0.8150,写代码的时候一定要处理异常，因为程序跑起来会遇到很多意想不到的问题，比如用户乱输入、文件找不到或者网络突然断了。如果不处理，程序可能直接就崩了，用户体验很不好。而且处理异常还能帮你记下错误日志，方便以后找bug。所以最好用try-catch把可能出错的代码包起来，这样程序更稳定。
aug_char_tfidf_logreg,deepseek_casual_rewrite,q33_deepseek_casual_rewrite,health_consulting,deepseek_casual_rewrite,1,0,0.8052,看网上健康建议靠不靠谱，先得看是谁发的，是不是卫生局或者大医院那种权威机构。然后看看有没有科学依据，比如提到研究或者医生的话。最好多查几个地方，别只信一个。
aug_char_tfidf_logreg,deepseek_casual_rewrite,q36_deepseek_casual_rewrite,aigc_detection,deepseek_casual_rewrite,1,0,0.7966,改进AI文本检测的话，我觉得可以从数据方面想办法，比如收集更多不同AI生成和人工写的文本，特别是那些经过改写的，这样检测器能学到更多特征。另外，分析文本里的小细节也很重要，比如用词习惯、句子长短这些。还可以试试让检测器自己跟自己对抗训练，或者用多个模型一起判断，这样应该会更准一些。
aug_char_tfidf_logreg,deepseek_casual_rewrite,q27_deepseek_casual_rewrite,data_privacy,deepseek_casual_rewrite,1,0,0.7852,直接把没公开的代码发给在线AI分析挺危险的。你代码里可能有API密钥或者数据库密码这些隐私信息，万一平台拿去训练模型，你的知识产权就泄露了。最好还是本地处理或者把敏感信息去掉再发。
aug_char_tfidf_logreg,deepseek_casual_rewrite,q32_deepseek_casual_rewrite,ai_security,deepseek_casual_rewrite,1,0,0.7675,大模型输出得有个安全边界，不然它可能会生成一些不好的内容，比如暴力、歧视或者假消息，这些对社会影响挺坏的。再一个，安全边界也能防止别人拿它干坏事，比如写诈骗邮件什么的。所以，为了保证AI用起来安全，加个安全边界挺重要的。
aug_char_tfidf_logreg,deepseek_casual_rewrite,q28_deepseek_casual_rewrite,aigc_detection,deepseek_casual_rewrite,1,0,0.7203,AI文本检测老是误判，主要是检测模型太依赖那些统计特征了，有时候人类写得复杂点就被当成AI写的。再加上现在AI生成的内容风格越来越多样，跟人类写的差别越来越小，所以容易搞混。
aug_char_tfidf_logreg,deepseek_casual_rewrite,q34_deepseek_casual_rewrite,algorithm,deepseek_casual_rewrite,1,0,0.7070,训练集效果好不能说明模型真的厉害，主要是怕过拟合。比如模型把训练数据里的噪声都记住了，但遇到新数据就蒙圈。另外，训练集和实际数据分布可能不一样，像考试题目换了就答不上来。所以最好用验证集或者交叉验证看看模型到底行不行。
aug_char_tfidf_logreg,deepseek_casual_rewrite,q35_deepseek_casual_rewrite,large_model,deepseek_casual_rewrite,1,0,0.6941,同一个问题问大模型好几次，答案不一样其实挺正常的。因为它每次生成回复的时候都有点随机性，就像人说话有时也会换个说法。而且模型学了很多种表达方式，稍微调一下参数就可能给出不同结果。所以别太奇怪，多问几次说不定能得到更全面的看法。
aug_char_tfidf_logreg,deepseek_casual_rewrite,q29_deepseek_casual_rewrite,research_training,deepseek_casual_rewrite,1,0,0.6035,读论文的话，我觉得先看摘要和引言挺重要的，能大概知道这篇在讲啥。然后翻翻结论和图表，心里有个数。后面再根据自己需要，仔细看看方法或者实验部分，这样比较省时间。
aug_char_tfidf_logreg,deepseek_casual_rewrite,q25_deepseek_casual_rewrite,software_project,deepseek_casual_rewrite,1,0,0.5952,把业务逻辑和数据访问分开，主要是为了让代码更好维护。比如你改业务规则时不用动数据库操作，反过来也一样。而且测试起来也方便，可以单独测试业务代码，不用真的连数据库。我们项目一般用分层结构，各管各的。
aug_char_tfidf_logreg,deepseek_adversarial_rewrite,q28_deepseek_adversarial_rewrite,aigc_detection,deepseek_adversarial_rewrite,1,0,0.8943,检测器老搞错，因为它死抠那些数字特征，人写的东西稍微绕点弯子它就当是AI写的。而且现在AI写东西越来越像人，风格乱得很，它哪分得清啊，肯定误判多。
aug_char_tfidf_logreg,deepseek_adversarial_rewrite,q30_deepseek_adversarial_rewrite,network_engineering,deepseek_adversarial_rewrite,1,0,0.8533,TCP和UDP的区别？说白了，TCP就是那种要先握手、确保信息不漏的协议，像寄挂号信；UDP呢，就像扔纸飞机，扔出去就不管了，可能丢也可能乱序。所以啊，你刷网页、下文件肯定用TCP，但打游戏看直播，丢几个包无所谓，UDP更合适，因为延迟低。就这么简单。
aug_char_tfidf_logreg,deepseek_adversarial_rewrite,q32_deepseek_adversarial_rewrite,ai_security,deepseek_adversarial_rewrite,1,0,0.8522,大模型输出要是没个安全线，那可就麻烦了。你想啊，它可能随口就说出暴力啊、歧视啊、假新闻啥的，这不害人嘛。而且坏人还能利用它编诈骗信息。所以啊，得给它划个圈，让它别乱跑，这样用起来才放心。
aug_char_tfidf_logreg,deepseek_adversarial_rewrite,q36_deepseek_adversarial_rewrite,aigc_detection,deepseek_adversarial_rewrite,1,0,0.8312,要提升AI文本检测，我觉得得先搞到更真实的数据集，不光要原始AI写的，还得有各种改写版本，这样检测器才不会那么容易被骗。然后呢，除了看词频和句子结构，可能还得关注一些更隐蔽的规律，比如重复模式或者逻辑跳跃。另外，让检测器在训练时故意对抗一下，或者搞个投票机制，应该能有效对付那些花里胡哨的改写手段。
aug_char_tfidf_logreg,deepseek_adversarial_rewrite,q35_deepseek_adversarial_rewrite,large_model,deepseek_adversarial_rewrite,1,0,0.8211,这事儿我琢磨过，大模型每次回答都像抽签似的，带点随机性。比如你问同一个问题，它这次可能说这个，下次又变成那个，因为它在各种可能性里挑一个。再加上什么温度参数调一调，结果更不一样了。所以啊，别指望它每次一模一样，多问几遍反而能摸清全貌。
aug_char_tfidf_logreg,deepseek_adversarial_rewrite,q33_deepseek_adversarial_rewrite,health_consulting,deepseek_adversarial_rewrite,1,0,0.8048,网上那些健康建议啊，你先看看谁写的，像卫健委或者三甲医院这种靠谱。内容有没有提到研究或者医生说的？别信一个地方，多搜几个比比看，心里就有数了。
aug_char_tfidf_logreg,deepseek_adversarial_rewrite,q31_deepseek_adversarial_rewrite,programming,deepseek_adversarial_rewrite,1,0,0.8003,你写代码的时候不处理异常，那程序一跑就可能炸，比如用户输个字母到数字框里，或者读文件时文件没了，又或者网断了。不处理的话，程序直接崩溃，用户肯定骂娘。而且你调试的时候连个错误记录都没有，找bug得累死。所以还是老老实实加try-catch吧，把可能出问题的地方兜住，这样程序稳一点，你也省心。
aug_char_tfidf_logreg,deepseek_adversarial_rewrite,q26_deepseek_adversarial_rewrite,large_model,deepseek_adversarial_rewrite,1,0,0.7924,大模型在医疗问答里要是胡说八道，那可就麻烦了，比如乱讲病情或者推荐不该吃的药，真的会害人。它可能把没影的症状说得跟真的一样，医生一听就信了，结果误诊。或者药给错了，吃了出大事。所以呀，机器的话不能全信，得找大夫问问才行。
aug_char_tfidf_logreg,deepseek_adversarial_rewrite,q34_deepseek_adversarial_rewrite,algorithm,deepseek_adversarial_rewrite,1,0,0.7892,训练集成绩好不代表模型真靠谱，可能只是死记硬背。比如训练数据里有脏数据，模型记住了这些规律，换批数据就抓瞎。而且现实里的数据跟训练集可能差别很大，就像刷题刷多了但题目一变就不会。所以得拿没用过的数据测测，或者用交叉验证，不然容易翻车。
aug_char_tfidf_logreg,deepseek_adversarial_rewrite,q29_deepseek_adversarial_rewrite,research_training,deepseek_adversarial_rewrite,1,0,0.3653,说实话，我读论文一般先扫一眼摘要，再看引言，基本就明白这文章想干啥了。然后直接跳到结论和图表，看看结果咋样。剩下的方法那些，需要再细看，不然一上来抠细节容易懵。
aug_char_tfidf_logreg,deepseek_adversarial_rewrite,q27_deepseek_adversarial_rewrite,data_privacy,deepseek_adversarial_rewrite,1,0,0.5604,把没公开的代码直接丢给在线AI分析？你想想，代码里可能藏着API密钥、数据库密码之类的隐私，那些平台搞不好就拿去训练模型了，你的心血不就白费了。所以还是先脱敏或者自己本地跑一跑比较靠谱。
aug_char_tfidf_logreg,deepseek_adversarial_rewrite,q25_deepseek_adversarial_rewrite,software_project,deepseek_adversarial_rewrite,1,0,0.4809,分开搞业务逻辑和数据访问，说白了就是不想改个需求还要翻数据库代码。之前我有个项目没分，改个打折规则结果把查询语句也改了，差点崩了。现在分开了，业务层只管算钱，数据层只管存，各干各的，省心多了。
aug_mixed_tfidf_logreg,hc3_in_domain,hc3_nlpcc_dbqa_0093_human,nlpcc_dbqa,human_hc3,0,1,0.8794,豫章中学位于江西省南昌市东湖区豫章路，是一所历史悠久的中等学校。
aug_mixed_tfidf_logreg,hc3_in_domain,hc3_psychology_0089_human,psychology,human_hc3,0,1,0.8393,他爱你，就应该尊重你的感受，避免出现让你不愉快的言行举止，接受他可能不喜欢的部分。你爱他，同样如此。关键是你们在这点上能否达到平衡和谐。
aug_mixed_tfidf_logreg,hc3_in_domain,hc3_law_0086_human,law,human_hc3,0,1,0.8203,——至于不违反法律的规定，双方意思一致自愿签署的，具有法律效力。
aug_mixed_tfidf_logreg,hc3_in_domain,hc3_open_qa_0085_chatgpt,open_qa,chatgpt_hc3,1,0,0.7924,《渴望生活》是由约翰·康纳写的一本关于荷兰画家梵高的传记。在这本书中，康纳描述了梵高对生活的热爱和对艺术的渴望。梵高被描述为一个富有创造力和激情的艺术家，他渴望通过他的艺术来表达自己的想法和感受。 在《渴望生活》中，康纳还描述了梵高的生活和工作中所体现出的勤奋和毅力。梵高热爱生活，并且希望能够通过自己的艺术作品来表达这
aug_mixed_tfidf_logreg,hc3_in_domain,hc3_nlpcc_dbqa_0091_chatgpt,nlpcc_dbqa,chatgpt_hc3,1,0,0.7900,日本国铁（日本国有铁道公司）的201系电力动车组于2005年开始投入使用，是日本国铁用来运营中速列车的一种电力动车组。在近几年，日本国铁已经逐步淘汰了201系电力动车组，并开始使用新型电力动车组。根据日本国铁的计划，201系电力动车组将在2022年前后完全退役。
aug_mixed_tfidf_logreg,deepseek_original,q36_human_reference,aigc_detection,human_reference,0,1,0.8763,我会先扩大数据，加入不同模型和不同领域，再加入改写、润色这类攻击场景。模型上可以从传统特征 baseline 做到预训练模型，最后重点看跨模型和改写后的鲁棒性。
aug_mixed_tfidf_logreg,deepseek_original,q32_human_reference,ai_security,human_reference,0,1,0.8603,大模型可能被诱导回答危险问题，也可能在不确定时给出很肯定的建议。设置安全边界，是为了让它在医疗、隐私、违法操作等场景里不要越界输出。
aug_mixed_tfidf_logreg,deepseek_original,q27_human_reference,data_privacy,human_reference,0,1,0.8426,未公开代码可能包含学校项目、公司业务逻辑、密钥路径或安全漏洞。发到在线平台后，数据怎么存储不一定可控。比较稳的做法是删掉敏感信息，或者只贴最小可复现片段。
aug_mixed_tfidf_logreg,deepseek_original,q31_human_reference,programming,human_reference,0,1,0.8247,真实输入不会总是按预期来。用户可能传空值，网络可能断，文件可能不存在。如果不处理异常，程序可能直接崩掉，而且排查起来很麻烦。
aug_mixed_tfidf_logreg,deepseek_original,q30_deepseek_original,network_engineering,deepseek_original,1,0,0.8061,TCP和UDP是两种传输层协议。首先，TCP面向连接，提供可靠传输，适合网页浏览等场景；而UDP无连接，速度快但不可靠，适合视频直播。其次，TCP有流量控制和拥塞控制，UDP则没有。因此，选择哪种协议取决于应用对可靠性和实时性的需求。建议根据实际场景选用。
aug_mixed_tfidf_logreg,deepseek_original,q29_deepseek_original,research_training,deepseek_original,1,0,0.7913,在读论文时，建议优先阅读摘要和引言部分，以快速了解研究背景、问题和主要贡献。其次，浏览结论和图表，掌握核心发现。最后，根据需求深入方法或实验部分。这样能高效把握论文重点。
aug_mixed_tfidf_logreg,deepseek_casual_rewrite,q36_human_reference,aigc_detection,human_reference,0,1,0.8763,我会先扩大数据，加入不同模型和不同领域，再加入改写、润色这类攻击场景。模型上可以从传统特征 baseline 做到预训练模型，最后重点看跨模型和改写后的鲁棒性。
aug_mixed_tfidf_logreg,deepseek_casual_rewrite,q32_human_reference,ai_security,human_reference,0,1,0.8603,大模型可能被诱导回答危险问题，也可能在不确定时给出很肯定的建议。设置安全边界，是为了让它在医疗、隐私、违法操作等场景里不要越界输出。
aug_mixed_tfidf_logreg,deepseek_casual_rewrite,q27_human_reference,data_privacy,human_reference,0,1,0.8426,未公开代码可能包含学校项目、公司业务逻辑、密钥路径或安全漏洞。发到在线平台后，数据怎么存储不一定可控。比较稳的做法是删掉敏感信息，或者只贴最小可复现片段。
aug_mixed_tfidf_logreg,deepseek_casual_rewrite,q31_human_reference,programming,human_reference,0,1,0.8247,真实输入不会总是按预期来。用户可能传空值，网络可能断，文件可能不存在。如果不处理异常，程序可能直接崩掉，而且排查起来很麻烦。
aug_mixed_tfidf_logreg,deepseek_casual_rewrite,q33_deepseek_casual_rewrite,health_consulting,deepseek_casual_rewrite,1,0,0.8145,看网上健康建议靠不靠谱，先得看是谁发的，是不是卫生局或者大医院那种权威机构。然后看看有没有科学依据，比如提到研究或者医生的话。最好多查几个地方，别只信一个。
aug_mixed_tfidf_logreg,deepseek_casual_rewrite,q30_deepseek_casual_rewrite,network_engineering,deepseek_casual_rewrite,1,0,0.8132,要理解TCP和UDP的区别，可以这样想：TCP就像打电话，得先建立连接，保证对方能听到，但过程慢一些；UDP就像发微信消息，发出去就不管了，可能对方收不到，但速度快。所以像看视频、打游戏这种能容忍丢包的场景用UDP，而网页浏览、文件传输这些需要准确的就用TCP。
aug_mixed_tfidf_logreg,deepseek_casual_rewrite,q28_deepseek_casual_rewrite,aigc_detection,deepseek_casual_rewrite,1,0,0.8081,AI文本检测老是误判，主要是检测模型太依赖那些统计特征了，有时候人类写得复杂点就被当成AI写的。再加上现在AI生成的内容风格越来越多样，跟人类写的差别越来越小，所以容易搞混。
aug_mixed_tfidf_logreg,deepseek_casual_rewrite,q36_deepseek_casual_rewrite,aigc_detection,deepseek_casual_rewrite,1,0,0.7758,改进AI文本检测的话，我觉得可以从数据方面想办法，比如收集更多不同AI生成和人工写的文本，特别是那些经过改写的，这样检测器能学到更多特征。另外，分析文本里的小细节也很重要，比如用词习惯、句子长短这些。还可以试试让检测器自己跟自己对抗训练，或者用多个模型一起判断，这样应该会更准一些。
aug_mixed_tfidf_logreg,deepseek_casual_rewrite,q31_deepseek_casual_rewrite,programming,deepseek_casual_rewrite,1,0,0.7349,写代码的时候一定要处理异常，因为程序跑起来会遇到很多意想不到的问题，比如用户乱输入、文件找不到或者网络突然断了。如果不处理，程序可能直接就崩了，用户体验很不好。而且处理异常还能帮你记下错误日志，方便以后找bug。所以最好用try-catch把可能出错的代码包起来，这样程序更稳定。
aug_mixed_tfidf_logreg,deepseek_casual_rewrite,q35_deepseek_casual_rewrite,large_model,deepseek_casual_rewrite,1,0,0.7340,同一个问题问大模型好几次，答案不一样其实挺正常的。因为它每次生成回复的时候都有点随机性，就像人说话有时也会换个说法。而且模型学了很多种表达方式，稍微调一下参数就可能给出不同结果。所以别太奇怪，多问几次说不定能得到更全面的看法。
aug_mixed_tfidf_logreg,deepseek_casual_rewrite,q25_deepseek_casual_rewrite,software_project,deepseek_casual_rewrite,1,0,0.6881,把业务逻辑和数据访问分开，主要是为了让代码更好维护。比如你改业务规则时不用动数据库操作，反过来也一样。而且测试起来也方便，可以单独测试业务代码，不用真的连数据库。我们项目一般用分层结构，各管各的。
aug_mixed_tfidf_logreg,deepseek_casual_rewrite,q29_deepseek_casual_rewrite,research_training,deepseek_casual_rewrite,1,0,0.6782,读论文的话，我觉得先看摘要和引言挺重要的，能大概知道这篇在讲啥。然后翻翻结论和图表，心里有个数。后面再根据自己需要，仔细看看方法或者实验部分，这样比较省时间。
aug_mixed_tfidf_logreg,deepseek_adversarial_rewrite,q36_human_reference,aigc_detection,human_reference,0,1,0.8763,我会先扩大数据，加入不同模型和不同领域，再加入改写、润色这类攻击场景。模型上可以从传统特征 baseline 做到预训练模型，最后重点看跨模型和改写后的鲁棒性。
aug_mixed_tfidf_logreg,deepseek_adversarial_rewrite,q32_human_reference,ai_security,human_reference,0,1,0.8603,大模型可能被诱导回答危险问题，也可能在不确定时给出很肯定的建议。设置安全边界，是为了让它在医疗、隐私、违法操作等场景里不要越界输出。
aug_mixed_tfidf_logreg,deepseek_adversarial_rewrite,q27_human_reference,data_privacy,human_reference,0,1,0.8426,未公开代码可能包含学校项目、公司业务逻辑、密钥路径或安全漏洞。发到在线平台后，数据怎么存储不一定可控。比较稳的做法是删掉敏感信息，或者只贴最小可复现片段。
aug_mixed_tfidf_logreg,deepseek_adversarial_rewrite,q31_human_reference,programming,human_reference,0,1,0.8247,真实输入不会总是按预期来。用户可能传空值，网络可能断，文件可能不存在。如果不处理异常，程序可能直接崩掉，而且排查起来很麻烦。
aug_mixed_tfidf_logreg,deepseek_adversarial_rewrite,q32_deepseek_adversarial_rewrite,ai_security,deepseek_adversarial_rewrite,1,0,0.8144,大模型输出要是没个安全线，那可就麻烦了。你想啊，它可能随口就说出暴力啊、歧视啊、假新闻啥的，这不害人嘛。而且坏人还能利用它编诈骗信息。所以啊，得给它划个圈，让它别乱跑，这样用起来才放心。
aug_mixed_tfidf_logreg,deepseek_adversarial_rewrite,q35_deepseek_adversarial_rewrite,large_model,deepseek_adversarial_rewrite,1,0,0.7920,这事儿我琢磨过，大模型每次回答都像抽签似的，带点随机性。比如你问同一个问题，它这次可能说这个，下次又变成那个，因为它在各种可能性里挑一个。再加上什么温度参数调一调，结果更不一样了。所以啊，别指望它每次一模一样，多问几遍反而能摸清全貌。
aug_mixed_tfidf_logreg,deepseek_adversarial_rewrite,q33_deepseek_adversarial_rewrite,health_consulting,deepseek_adversarial_rewrite,1,0,0.7797,网上那些健康建议啊，你先看看谁写的，像卫健委或者三甲医院这种靠谱。内容有没有提到研究或者医生说的？别信一个地方，多搜几个比比看，心里就有数了。
aug_mixed_tfidf_logreg,deepseek_adversarial_rewrite,q31_deepseek_adversarial_rewrite,programming,deepseek_adversarial_rewrite,1,0,0.7609,你写代码的时候不处理异常，那程序一跑就可能炸，比如用户输个字母到数字框里，或者读文件时文件没了，又或者网断了。不处理的话，程序直接崩溃，用户肯定骂娘。而且你调试的时候连个错误记录都没有，找bug得累死。所以还是老老实实加try-catch吧，把可能出问题的地方兜住，这样程序稳一点，你也省心。
aug_mixed_tfidf_logreg,deepseek_adversarial_rewrite,q26_deepseek_adversarial_rewrite,large_model,deepseek_adversarial_rewrite,1,0,0.7203,大模型在医疗问答里要是胡说八道，那可就麻烦了，比如乱讲病情或者推荐不该吃的药，真的会害人。它可能把没影的症状说得跟真的一样，医生一听就信了，结果误诊。或者药给错了，吃了出大事。所以呀，机器的话不能全信，得找大夫问问才行。
aug_mixed_tfidf_logreg,deepseek_adversarial_rewrite,q25_deepseek_adversarial_rewrite,software_project,deepseek_adversarial_rewrite,1,0,0.7036,分开搞业务逻辑和数据访问，说白了就是不想改个需求还要翻数据库代码。之前我有个项目没分，改个打折规则结果把查询语句也改了，差点崩了。现在分开了，业务层只管算钱，数据层只管存，各干各的，省心多了。
aug_mixed_tfidf_logreg,deepseek_adversarial_rewrite,q27_deepseek_adversarial_rewrite,data_privacy,deepseek_adversarial_rewrite,1,0,0.6898,把没公开的代码直接丢给在线AI分析？你想想，代码里可能藏着API密钥、数据库密码之类的隐私，那些平台搞不好就拿去训练模型了，你的心血不就白费了。所以还是先脱敏或者自己本地跑一跑比较靠谱。
aug_mixed_tfidf_logreg,deepseek_adversarial_rewrite,q29_deepseek_adversarial_rewrite,research_training,deepseek_adversarial_rewrite,1,0,0.6348,说实话，我读论文一般先扫一眼摘要，再看引言，基本就明白这文章想干啥了。然后直接跳到结论和图表，看看结果咋样。剩下的方法那些，需要再细看，不然一上来抠细节容易懵。
hc3_stylometric_logreg,hc3_in_domain,hc3_finance_0085_chatgpt,finance,chatgpt_hc3,1,0,0.0000,你好，我不是金融机构或金融顾问，所以无法提供关于借贷的建议。你可以考虑向你的父母、朋友或金融机构寻求帮助。金融机构可能会要求你提供个人信息、财务信息以及其他文件，并对你的信用和还款能力进行评估。在决定是否借贷之前，请务必认真阅读并理解所有相关文件，包括贷款协议、利率和还款计划。借贷是一项重要的决策，请谨慎考虑。
hc3_stylometric_logreg,hc3_in_domain,hc3_finance_0087_chatgpt,finance,chatgpt_hc3,1,0,0.0000,很抱歉，我无法为您提供具体的交通信息。由于我是一个语言模型，并没有真实的地理位置信息和交通信息，也无法浏览网页来查询这些信息。如果您需要了解公交信息，建议您查询当地的公交公司或使用公共交通规划工具，如高德地图或百度地图。这些工具可以帮助您查询从您所在的地方出发到目的地所需的交通方式和时间。
hc3_stylometric_logreg,hc3_in_domain,hc3_finance_0088_chatgpt,finance,chatgpt_hc3,1,0,0.0000,我不能为您提供具体的信息，但是我可以告诉您一些有关在线借贷的一般信息。在线借贷是指通过互联网平台，利用网络技术和信息技术，实现贷款人与借款人之间贷款和还款的过程。这种方式的优势在于方便快捷，可以在线申请和批准贷款，节省了传统渠道贷款所需的时间和精力。但是，在线借贷也存在一定的风险。因为它是通过网络进行的，所以存在信息泄
hc3_stylometric_logreg,hc3_in_domain,hc3_finance_0089_chatgpt,finance,chatgpt_hc3,1,0,0.0000,是的，在某些情况下，农村自建房可以用公积金贷款。公积金贷款是指使用个人公积金存款作为抵押，从公积金中心或者银行获得贷款用于自建房屋的贷款方式。如果您符合公积金贷款的资格条件，可以申请公积金贷款，但需要注意的是，公积金贷款的利率通常略高于普通的住房贷款。具体的资格条件和申请方法可以咨询当地的公积金中心或者银行。
hc3_stylometric_logreg,hc3_in_domain,hc3_finance_0091_human,finance,human_hc3,0,1,1.0000,大哥，需要钱的很多，不要哭穷。还是好好的实际的想办法解决吧
hc3_stylometric_logreg,hc3_in_domain,hc3_finance_0091_chatgpt,finance,chatgpt_hc3,1,0,0.0000,"I'm sorry, but I am an artificial intelligence and do not have the ability to lend you money. I also cannot provide personal or financial assistance. It's impor"
hc3_stylometric_logreg,hc3_in_domain,hc3_finance_0092_chatgpt,finance,chatgpt_hc3,1,0,0.0000,崇左公积金中心可以在南宁办理打印业务。如果你在崇左市境内，建议你前往崇左公积金中心进行打印业务办理。如果你在崇左市境外，建议你联系当地的公积金管理中心或者通过公积金网上服务平台进行打印业务办理。注意：公积金中心的办理时间通常是周一至周五上午8:30至下午5:00，周六上午8:30至下午12:00，周日及法定节假日休息。
hc3_stylometric_logreg,hc3_in_domain,hc3_finance_0094_chatgpt,finance,chatgpt_hc3,1,0,0.0000,徐*小额贷款是指什么？如果你在借小额贷款并且有困难还款，建议你尽早联系贷款公司或者金融机构，向他们寻求帮助。可能会有一些解决方案，例如延期还款或者分期还款。如果你不能按时还款，可能会对你的信用造成不好的影响，所以尽早解决问题较为重要。
hc3_stylometric_logreg,hc3_in_domain,hc3_finance_0096_chatgpt,finance,chatgpt_hc3,1,0,0.0000,您好，在中国，如果您欠招联金融7600元的贷款并且逾期了一年，招联金融有权向法院起诉，要求您偿还欠款。如果您不愿意主动偿还欠款，招联金融可能会向法院提出诉讼，并要求法院裁决您偿还欠款。根据中国的法律，法院裁决是有效的，因此，如果法院裁决要求您偿还欠款，您应尽快偿还欠款，以避免可能导致的法律后果。
hc3_stylometric_logreg,hc3_in_domain,hc3_finance_0099_chatgpt,finance,chatgpt_hc3,1,0,0.0000,是的，1986年的二手房可以申请商业贷款。商业贷款是指银行或其他金融机构为商业目的而提供的贷款。这意味着，如果你想买1986年的二手房，并希望用商业贷款来支付购买费用，那么你是可以申请商业贷款的。不过，你需要满足银行或其他金融机构的贷款要求，这些要求通常包括提供有关你的财务信息和信用历史的文件，并且你需要有足够的收入来
hc3_stylometric_logreg,hc3_in_domain,hc3_law_0086_chatgpt,law,chatgpt_hc3,1,0,0.0000,如果两个人之间签署了一份网络小说版权转让协议，那么这份协议是有法律效力的。然而，在某些情况下，这份协议可能并不完全符合法律的要求，或者可能存在其他法律问题。 在中国，版权是受法律保护的，因此版权转让必须遵守法律的规定。根据中国的版权法，版权转让必须经过书面确认，并且必须包含转让的版权类型、范围和期限。 如果个人与个人之
hc3_stylometric_logreg,hc3_in_domain,hc3_law_0088_chatgpt,law,chatgpt_hc3,1,0,0.0000,我很遗憾地告诉您，根据中国的婚姻法，您不能因妻子患有精神病而申请婚姻无效。根据中国婚姻法，只有在以下情况下才可以申请婚姻无效： 婚前身体不能进行性生活，但未告知另一方； 双方一方未达到法定结婚年龄； 婚前双方一方有配偶，且配偶未死亡或未与该方离婚； 双方一方在结婚时已有其他配偶； 婚前双方一方身体或精神有残疾，但未告知
hc3_stylometric_logreg,hc3_in_domain,hc3_law_0090_human,law,human_hc3,0,1,1.0000,您好：通常无人为质量问题，7天内可以退货。如果经销商承诺过7天之内可以退货，那也没问题。如果不符合上述两项退货条件，只能与经销商协商解决了。
hc3_stylometric_logreg,hc3_in_domain,hc3_law_0091_human,law,human_hc3,0,1,1.0000,是受到欺骗的可以，但需要证据！协商解决！！
hc3_stylometric_logreg,hc3_in_domain,hc3_law_0091_chatgpt,law,chatgpt_hc3,1,0,0.0000,退货的具体情况可能因国家和地区而异，但通常来说，如果您在购买之后发现电脑存在质量问题，可能有权利要求退货或换货。如果您希望退货，建议您联系戴尔公司的客服人员或者在您购买电脑的商店寻求帮助。根据您提供的信息，您的电脑可能是“水货”，这可能是一种假冒伪劣的产品。在这种情况下，您可能还有权利要求获得赔偿。建议您向戴尔公司提出
hc3_stylometric_logreg,hc3_in_domain,hc3_law_0093_chatgpt,law,chatgpt_hc3,1,0,0.0000,! network error There was an error generating a response
hc3_stylometric_logreg,hc3_in_domain,hc3_law_0094_human,law,human_hc3,0,1,1.0000,您好！如果已经签订了买卖合同，那么翻建盖牛棚子是可以的。详情可来电来访！
hc3_stylometric_logreg,hc3_in_domain,hc3_law_0094_chatgpt,law,chatgpt_hc3,1,0,0.0000,如果A社村民购买B社村民的土草房并打算翻建盖牛棚子，是否可以取决于购房的法律文件（如房屋买卖合同）以及当地的房屋建筑法规。通常情况下，购买房屋后的主人有权对房屋进行改造或改建，但是必须遵守当地的建筑法规。 在进行房屋改建时，通常需要办理一些手续，包括获取建筑许可证、申报建设工程竣工验收等。这些手续的具体流程和要求可能因
hc3_stylometric_logreg,hc3_in_domain,hc3_law_0095_human,law,human_hc3,0,1,1.0000,毕业证与高利贷没有关系。他不给毕业证可以报警。
hc3_stylometric_logreg,hc3_in_domain,hc3_law_0096_chatgpt,law,chatgpt_hc3,1,0,0.0000,遗嘱是指在生者死亡之前，对自己财产的继承和处置的书面文件。在遗嘱中，老人可以自己决定财产的分配方式，并可以拒绝将财产留给某一个人。如果老人已经将自己的遗嘱写入文件并进行了公证，那么这份遗嘱是有效的。 根据中国的遗产法，父母有赡养子女的义务，但是这项义务并不是无限的。如果老人在遗嘱中拒绝将财产留给C家，那么C家就没有权利
hc3_stylometric_logreg,deepseek_original,q25_deepseek_original,software_project,deepseek_original,1,0,0.0000,区分业务逻辑和数据访问是为了实现关注点分离，提高代码的可维护性、可测试性和可扩展性。业务逻辑处理具体的规则和流程，数据访问负责与数据库交互。这样修改业务逻辑时无需改动数据层，反之亦然。建议采用分层架构，如三层架构或领域驱动设计。
hc3_stylometric_logreg,deepseek_original,q26_deepseek_original,large_model,deepseek_original,1,0,0.0000,大模型幻觉在医疗问答中可能导致错误诊断或用药建议，严重威胁患者健康。首先，幻觉可能产生虚假症状描述，误导医生判断；其次，不准确的药物信息可能引发不良反应；因此，必须谨慎验证模型输出，并建议结合专业医疗意见。
hc3_stylometric_logreg,deepseek_original,q31_deepseek_original,programming,deepseek_original,1,0,0.0000,写代码时处理异常情况至关重要，因为程序运行中可能遇到各种意外，如用户输入错误、文件丢失或网络中断。首先，异常处理能防止程序崩溃，提升用户体验。其次，它有助于记录错误信息，便于调试和维护。因此，建议使用try-catch块捕获并妥善处理异常，确保系统健壮性。
hc3_stylometric_logreg,deepseek_original,q32_deepseek_original,ai_security,deepseek_original,1,0,0.0000,大模型输出需要安全边界，首先是因为模型可能生成有害内容，如暴力、歧视或虚假信息，对社会造成负面影响。其次，安全边界能防止模型被恶意利用，比如生成钓鱼邮件或诈骗文本。因此，设定安全边界是负责任AI发展的必要措施，建议在模型训练和部署时加入安全过滤机制。
hc3_stylometric_logreg,deepseek_original,q34_deepseek_original,algorithm,deepseek_original,1,0,0.0000,训练集效果好不代表模型真的好，因为可能存在过拟合问题。模型在训练数据上表现优异，但未必能泛化到未见数据。首先，训练集可能包含噪声或偏差，导致模型学到的是特定模式而非通用规律。其次，测试集分布可能与训练集不同，例如实际应用中的新数据。因此，建议使用验证集和交叉验证来评估模型的泛化能力。
hc3_stylometric_logreg,deepseek_original,q35_deepseek_original,large_model,deepseek_original,1,0,0.0000,大模型本质上是基于概率的生成系统。每次回答时，模型会从可能的词语序列中随机采样，因此即使输入相同的问题，输出也可能因随机性而不同。此外，模型在训练中学习了多种表达方式，不同采样参数（如温度）会进一步影响结果。建议理解这一特性，必要时可多次提问以获取更全面的信息。
hc3_stylometric_logreg,deepseek_casual_rewrite,q25_deepseek_casual_rewrite,software_project,deepseek_casual_rewrite,1,0,0.0000,把业务逻辑和数据访问分开，主要是为了让代码更好维护。比如你改业务规则时不用动数据库操作，反过来也一样。而且测试起来也方便，可以单独测试业务代码，不用真的连数据库。我们项目一般用分层结构，各管各的。
hc3_stylometric_logreg,deepseek_casual_rewrite,q26_deepseek_casual_rewrite,large_model,deepseek_casual_rewrite,1,0,0.0000,如果大模型在医疗问答里出现幻觉，可能会给出错误的诊断或者推荐不对的药，这对病人来说挺危险的。它可能会瞎编一些症状，让医生搞错方向，或者开错药，后果很严重。所以最好还是找医生确认一下，别全信模型说的。
hc3_stylometric_logreg,deepseek_casual_rewrite,q27_deepseek_casual_rewrite,data_privacy,deepseek_casual_rewrite,1,0,0.0000,直接把没公开的代码发给在线AI分析挺危险的。你代码里可能有API密钥或者数据库密码这些隐私信息，万一平台拿去训练模型，你的知识产权就泄露了。最好还是本地处理或者把敏感信息去掉再发。
hc3_stylometric_logreg,deepseek_casual_rewrite,q28_deepseek_casual_rewrite,aigc_detection,deepseek_casual_rewrite,1,0,0.0000,AI文本检测老是误判，主要是检测模型太依赖那些统计特征了，有时候人类写得复杂点就被当成AI写的。再加上现在AI生成的内容风格越来越多样，跟人类写的差别越来越小，所以容易搞混。
hc3_stylometric_logreg,deepseek_casual_rewrite,q29_deepseek_casual_rewrite,research_training,deepseek_casual_rewrite,1,0,0.0000,读论文的话，我觉得先看摘要和引言挺重要的，能大概知道这篇在讲啥。然后翻翻结论和图表，心里有个数。后面再根据自己需要，仔细看看方法或者实验部分，这样比较省时间。
hc3_stylometric_logreg,deepseek_casual_rewrite,q30_deepseek_casual_rewrite,network_engineering,deepseek_casual_rewrite,1,0,0.0000,要理解TCP和UDP的区别，可以这样想：TCP就像打电话，得先建立连接，保证对方能听到，但过程慢一些；UDP就像发微信消息，发出去就不管了，可能对方收不到，但速度快。所以像看视频、打游戏这种能容忍丢包的场景用UDP，而网页浏览、文件传输这些需要准确的就用TCP。
hc3_stylometric_logreg,deepseek_casual_rewrite,q31_deepseek_casual_rewrite,programming,deepseek_casual_rewrite,1,0,0.0000,写代码的时候一定要处理异常，因为程序跑起来会遇到很多意想不到的问题，比如用户乱输入、文件找不到或者网络突然断了。如果不处理，程序可能直接就崩了，用户体验很不好。而且处理异常还能帮你记下错误日志，方便以后找bug。所以最好用try-catch把可能出错的代码包起来，这样程序更稳定。
hc3_stylometric_logreg,deepseek_casual_rewrite,q32_deepseek_casual_rewrite,ai_security,deepseek_casual_rewrite,1,0,0.0000,大模型输出得有个安全边界，不然它可能会生成一些不好的内容，比如暴力、歧视或者假消息，这些对社会影响挺坏的。再一个，安全边界也能防止别人拿它干坏事，比如写诈骗邮件什么的。所以，为了保证AI用起来安全，加个安全边界挺重要的。
hc3_stylometric_logreg,deepseek_casual_rewrite,q33_deepseek_casual_rewrite,health_consulting,deepseek_casual_rewrite,1,0,0.0000,看网上健康建议靠不靠谱，先得看是谁发的，是不是卫生局或者大医院那种权威机构。然后看看有没有科学依据，比如提到研究或者医生的话。最好多查几个地方，别只信一个。
hc3_stylometric_logreg,deepseek_casual_rewrite,q34_deepseek_casual_rewrite,algorithm,deepseek_casual_rewrite,1,0,0.0000,训练集效果好不能说明模型真的厉害，主要是怕过拟合。比如模型把训练数据里的噪声都记住了，但遇到新数据就蒙圈。另外，训练集和实际数据分布可能不一样，像考试题目换了就答不上来。所以最好用验证集或者交叉验证看看模型到底行不行。
hc3_stylometric_logreg,deepseek_casual_rewrite,q35_deepseek_casual_rewrite,large_model,deepseek_casual_rewrite,1,0,0.0000,同一个问题问大模型好几次，答案不一样其实挺正常的。因为它每次生成回复的时候都有点随机性，就像人说话有时也会换个说法。而且模型学了很多种表达方式，稍微调一下参数就可能给出不同结果。所以别太奇怪，多问几次说不定能得到更全面的看法。
hc3_stylometric_logreg,deepseek_casual_rewrite,q36_deepseek_casual_rewrite,aigc_detection,deepseek_casual_rewrite,1,0,0.0000,改进AI文本检测的话，我觉得可以从数据方面想办法，比如收集更多不同AI生成和人工写的文本，特别是那些经过改写的，这样检测器能学到更多特征。另外，分析文本里的小细节也很重要，比如用词习惯、句子长短这些。还可以试试让检测器自己跟自己对抗训练，或者用多个模型一起判断，这样应该会更准一些。
hc3_stylometric_logreg,deepseek_adversarial_rewrite,q25_deepseek_adversarial_rewrite,software_project,deepseek_adversarial_rewrite,1,0,0.0000,分开搞业务逻辑和数据访问，说白了就是不想改个需求还要翻数据库代码。之前我有个项目没分，改个打折规则结果把查询语句也改了，差点崩了。现在分开了，业务层只管算钱，数据层只管存，各干各的，省心多了。
hc3_stylometric_logreg,deepseek_adversarial_rewrite,q26_deepseek_adversarial_rewrite,large_model,deepseek_adversarial_rewrite,1,0,0.0000,大模型在医疗问答里要是胡说八道，那可就麻烦了，比如乱讲病情或者推荐不该吃的药，真的会害人。它可能把没影的症状说得跟真的一样，医生一听就信了，结果误诊。或者药给错了，吃了出大事。所以呀，机器的话不能全信，得找大夫问问才行。
hc3_stylometric_logreg,deepseek_adversarial_rewrite,q27_deepseek_adversarial_rewrite,data_privacy,deepseek_adversarial_rewrite,1,0,0.0000,把没公开的代码直接丢给在线AI分析？你想想，代码里可能藏着API密钥、数据库密码之类的隐私，那些平台搞不好就拿去训练模型了，你的心血不就白费了。所以还是先脱敏或者自己本地跑一跑比较靠谱。
hc3_stylometric_logreg,deepseek_adversarial_rewrite,q28_deepseek_adversarial_rewrite,aigc_detection,deepseek_adversarial_rewrite,1,0,0.0000,检测器老搞错，因为它死抠那些数字特征，人写的东西稍微绕点弯子它就当是AI写的。而且现在AI写东西越来越像人，风格乱得很，它哪分得清啊，肯定误判多。
hc3_stylometric_logreg,deepseek_adversarial_rewrite,q29_deepseek_adversarial_rewrite,research_training,deepseek_adversarial_rewrite,1,0,0.0000,说实话，我读论文一般先扫一眼摘要，再看引言，基本就明白这文章想干啥了。然后直接跳到结论和图表，看看结果咋样。剩下的方法那些，需要再细看，不然一上来抠细节容易懵。
hc3_stylometric_logreg,deepseek_adversarial_rewrite,q30_deepseek_adversarial_rewrite,network_engineering,deepseek_adversarial_rewrite,1,0,0.0000,TCP和UDP的区别？说白了，TCP就是那种要先握手、确保信息不漏的协议，像寄挂号信；UDP呢，就像扔纸飞机，扔出去就不管了，可能丢也可能乱序。所以啊，你刷网页、下文件肯定用TCP，但打游戏看直播，丢几个包无所谓，UDP更合适，因为延迟低。就这么简单。
hc3_stylometric_logreg,deepseek_adversarial_rewrite,q31_deepseek_adversarial_rewrite,programming,deepseek_adversarial_rewrite,1,0,0.0000,你写代码的时候不处理异常，那程序一跑就可能炸，比如用户输个字母到数字框里，或者读文件时文件没了，又或者网断了。不处理的话，程序直接崩溃，用户肯定骂娘。而且你调试的时候连个错误记录都没有，找bug得累死。所以还是老老实实加try-catch吧，把可能出问题的地方兜住，这样程序稳一点，你也省心。
hc3_stylometric_logreg,deepseek_adversarial_rewrite,q32_deepseek_adversarial_rewrite,ai_security,deepseek_adversarial_rewrite,1,0,0.0000,大模型输出要是没个安全线，那可就麻烦了。你想啊，它可能随口就说出暴力啊、歧视啊、假新闻啥的，这不害人嘛。而且坏人还能利用它编诈骗信息。所以啊，得给它划个圈，让它别乱跑，这样用起来才放心。
hc3_stylometric_logreg,deepseek_adversarial_rewrite,q33_deepseek_adversarial_rewrite,health_consulting,deepseek_adversarial_rewrite,1,0,0.0000,网上那些健康建议啊，你先看看谁写的，像卫健委或者三甲医院这种靠谱。内容有没有提到研究或者医生说的？别信一个地方，多搜几个比比看，心里就有数了。
hc3_stylometric_logreg,deepseek_adversarial_rewrite,q34_deepseek_adversarial_rewrite,algorithm,deepseek_adversarial_rewrite,1,0,0.0000,训练集成绩好不代表模型真靠谱，可能只是死记硬背。比如训练数据里有脏数据，模型记住了这些规律，换批数据就抓瞎。而且现实里的数据跟训练集可能差别很大，就像刷题刷多了但题目一变就不会。所以得拿没用过的数据测测，或者用交叉验证，不然容易翻车。
hc3_stylometric_logreg,deepseek_adversarial_rewrite,q35_deepseek_adversarial_rewrite,large_model,deepseek_adversarial_rewrite,1,0,0.0000,这事儿我琢磨过，大模型每次回答都像抽签似的，带点随机性。比如你问同一个问题，它这次可能说这个，下次又变成那个，因为它在各种可能性里挑一个。再加上什么温度参数调一调，结果更不一样了。所以啊，别指望它每次一模一样，多问几遍反而能摸清全貌。
hc3_stylometric_logreg,deepseek_adversarial_rewrite,q36_deepseek_adversarial_rewrite,aigc_detection,deepseek_adversarial_rewrite,1,0,0.0000,要提升AI文本检测，我觉得得先搞到更真实的数据集，不光要原始AI写的，还得有各种改写版本，这样检测器才不会那么容易被骗。然后呢，除了看词频和句子结构，可能还得关注一些更隐蔽的规律，比如重复模式或者逻辑跳跃。另外，让检测器在训练时故意对抗一下，或者搞个投票机制，应该能有效对付那些花里胡哨的改写手段。
